size,impl,interval,rep,elapsed,checks
131072,none,0.0,1,0.004157303,0
131072,none,0.0,2,0.003742,0
131072,none,0.0,3,0.0035138400000000003,0
131072,none,0.0,4,0.0035011860000000003,0
131072,none,0.0,5,0.0034969880000000004,0
131072,none,0.0,6,0.0036057930000000004,0
131072,none,0.0,7,0.003528357,0
131072,none,0.0,8,0.0034851060000000004,0
131072,none,0.0,9,0.0035648060000000002,0
131072,none,0.0,10,0.003510614,0
131072,none,0.0,11,0.0035466520000000004,0
131072,none,0.0,12,0.003504132,0
131072,none,0.0,13,0.0035111250000000004,0
131072,none,0.0,14,0.0034999840000000003,0
131072,none,0.0,15,0.0035460110000000004,0
131072,none,0.0,16,0.0036177360000000003,0
131072,none,0.0,17,0.003514521,0
131072,none,0.0,18,0.0035149620000000004,0
131072,none,0.0,19,0.003638375,0
131072,none,0.0,20,0.0035166560000000004,0
131072,none,0.0,21,0.0034969190000000002,0
131072,none,0.0,22,0.0035018880000000003,0
131072,none,0.0,23,0.0035048930000000002,0
131072,none,0.0,24,0.0034869700000000003,0
131072,none,0.0,25,0.00348218,0
131072,none,0.0,26,0.003478183,0
131072,none,0.0,27,0.003491357,0
131072,none,0.0,28,0.003496457,0
131072,none,0.0,29,0.0035083790000000003,0
131072,none,0.0,30,0.0035072180000000003,0
131072,none,0.0,31,0.003656238,0
131072,none,0.0,32,0.0035198910000000003,0
131072,none,0.0,33,0.003502699,0
131072,none,0.0,34,0.0034958560000000003,0
131072,none,0.0,35,0.0034999840000000003,0
131072,none,0.0,36,0.0034942230000000003,0
131072,none,0.0,37,0.003480617,0
131072,none,0.0,38,0.0034826510000000002,0
131072,none,0.0,39,0.0034796360000000004,0
131072,none,0.0,40,0.003496387,0
131072,simple,0.0,1,0.019685887000000003,174764
131072,simple,0.0,2,0.019723869,174764
131072,simple,0.0,3,0.019740590000000002,174764
131072,simple,0.0,4,0.019431538,174764
131072,simple,0.0,5,0.019701196,174764
131072,simple,0.0,6,0.019566102000000002,174764
131072,simple,0.0,7,0.019681168000000002,174764
131072,simple,0.0,8,0.02027641,174764
131072,simple,0.0,9,0.019821853,174764
131072,simple,0.0,10,0.019844487,174764
131072,simple,0.0,11,0.019788301,174764
131072,simple,0.0,12,0.01960229,174764
131072,simple,0.0,13,0.019673504,174764
131072,simple,0.0,14,0.019569678,174764
131072,simple,0.0,15,0.019571462,174764
131072,simple,0.0,16,0.021596376,174764
131072,simple,0.0,17,0.020293873,174764
131072,simple,0.0,18,0.020403329,174764
131072,simple,0.0,19,0.019260526,174764
131072,simple,0.0,20,0.019320369,174764
131072,simple,0.0,21,0.019325148,174764
131072,simple,0.0,22,0.019253603,174764
131072,simple,0.0,23,0.019162972,174764
131072,simple,0.0,24,0.019413193000000002,174764
131072,simple,0.0,25,0.019684054000000003,174764
131072,simple,0.0,26,0.019672993,174764
131072,simple,0.0,27,0.019509064,174764
131072,simple,0.0,28,0.019372246000000003,174764
131072,simple,0.0,29,0.019397083000000002,174764
131072,simple,0.0,30,0.019434023,174764
131072,simple,0.0,31,0.019517921,174764
131072,simple,0.0,32,0.019826943,174764
131072,simple,0.0,33,0.019815171000000003,174764
131072,simple,0.0,34,0.019572965,174764
131072,simple,0.0,35,0.019459471000000002,174764
131072,simple,0.0,36,0.019536526000000002,174764
131072,simple,0.0,37,0.019665609,174764
131072,simple,0.0,38,0.019951308,174764
131072,simple,0.0,39,0.019700866,174764
131072,simple,0.0,40,0.019838675,174764
131072,fine,0.001,1,0.007608805000000001,8
131072,fine,0.001,2,0.007091050000000001,8
131072,fine,0.001,3,0.0070782250000000005,8
131072,fine,0.001,4,0.007074278000000001,8
131072,fine,0.001,5,0.007081401,8
131072,fine,0.001,6,0.007065030000000001,8
131072,fine,0.001,7,0.007073627000000001,8
131072,fine,0.001,8,0.007063046000000001,8
131072,fine,0.001,9,0.007078395,8
131072,fine,0.001,10,0.007064730000000001,8
131072,fine,0.001,11,0.007073987,8
131072,fine,0.001,12,0.007083235,8
131072,fine,0.001,13,0.007074769000000001,8
131072,fine,0.001,14,0.00708122,8
131072,fine,0.001,15,0.007085128,8
131072,fine,0.001,16,0.007077514,8
131072,fine,0.001,17,0.007100848000000001,8
131072,fine,0.001,18,0.007079638,8
131072,fine,0.001,19,0.007078906,8
131072,fine,0.001,20,0.007084076000000001,8
131072,fine,0.001,21,0.0070947960000000004,8
131072,fine,0.001,22,0.007080208,8
131072,fine,0.001,23,0.007077363000000001,8
131072,fine,0.001,24,0.007072755,8
131072,fine,0.001,25,0.007251612,8
131072,fine,0.001,26,0.0070740970000000005,8
131072,fine,0.001,27,0.007079036,8
131072,fine,0.001,28,0.0070838260000000005,8
131072,fine,0.001,29,0.00707518,8
131072,fine,0.001,30,0.007075971,8
131072,fine,0.001,31,0.007057506000000001,8
131072,fine,0.001,32,0.007064619,8
131072,fine,0.001,33,0.0070747480000000005,8
131072,fine,0.001,34,0.0070546,8
131072,fine,0.001,35,0.007078345000000001,8
131072,fine,0.001,36,0.007074638,8
131072,fine,0.001,37,0.007110967,8
131072,fine,0.001,38,0.007064208000000001,8
131072,fine,0.001,39,0.007070160000000001,8
131072,fine,0.001,40,0.007073867,8
131072,fine,0.002,1,0.007076402000000001,4
131072,fine,0.002,2,0.007081682000000001,4
131072,fine,0.002,3,0.007084577000000001,4
131072,fine,0.002,4,0.007082504000000001,4
131072,fine,0.002,5,0.007078035000000001,4
131072,fine,0.002,6,0.007092933,4
131072,fine,0.002,7,0.007066503,4
131072,fine,0.002,8,0.0070757500000000004,4
131072,fine,0.002,9,0.007072274000000001,4
131072,fine,0.002,10,0.0070802090000000005,4
131072,fine,0.002,11,0.007080739000000001,4
131072,fine,0.002,12,0.007075540000000001,4
131072,fine,0.002,13,0.0070790060000000005,4
131072,fine,0.002,14,0.007072414000000001,4
131072,fine,0.002,15,0.007083555,4
131072,fine,0.002,16,0.007071242,4
131072,fine,0.002,17,0.007071633000000001,4
131072,fine,0.002,18,0.007081391,4
131072,fine,0.002,19,0.007060742,4
131072,fine,0.002,20,0.0070703300000000005,4
131072,fine,0.002,21,0.007070761,4
131072,fine,0.002,22,0.007070701,4
131072,fine,0.002,23,0.007079237,4
131072,fine,0.002,24,0.007068807000000001,4
131072,fine,0.002,25,0.0070761010000000004,4
131072,fine,0.002,26,0.007158816,4
131072,fine,0.002,27,0.0070713220000000005,4
131072,fine,0.002,28,0.007073836,4
131072,fine,0.002,29,0.007076252000000001,4
131072,fine,0.002,30,0.007078486,4
131072,fine,0.002,31,0.007074899000000001,4
131072,fine,0.002,32,0.007071231000000001,4
131072,fine,0.002,33,0.007086921,4
131072,fine,0.002,34,0.0070841260000000005,4
131072,fine,0.002,35,0.007082052,4
131072,fine,0.002,36,0.00709652,4
131072,fine,0.002,37,0.007155671000000001,4
131072,fine,0.002,38,0.007084026,4
131072,fine,0.002,39,0.007083825,4
131072,fine,0.002,40,0.00711773,4
131072,fine,0.005,1,0.007104184,2
131072,fine,0.005,2,0.00707537,2
131072,fine,0.005,3,0.0070800590000000005,2
131072,fine,0.005,4,0.007076481000000001,2
131072,fine,0.005,5,0.007080179000000001,2
131072,fine,0.005,6,0.007082884,2
131072,fine,0.005,7,0.007090308,2
131072,fine,0.005,8,0.0070792270000000004,2
131072,fine,0.005,9,0.00711248,2
131072,fine,0.005,10,0.007076762,2
131072,fine,0.005,11,0.007078405,2
131072,fine,0.005,12,0.007077293,2
131072,fine,0.005,13,0.007113171000000001,2
131072,fine,0.005,14,0.0071130510000000004,2
131072,fine,0.005,15,0.007110887000000001,2
131072,fine,0.005,16,0.007095939000000001,2
131072,fine,0.005,17,0.007097942,2
131072,fine,0.005,18,0.007102140000000001,2
131072,fine,0.005,19,0.007102851,2
131072,fine,0.005,20,0.007114172,2
131072,fine,0.005,21,0.007109544000000001,2
131072,fine,0.005,22,0.0071107060000000005,2
131072,fine,0.005,23,0.007113522000000001,2
131072,fine,0.005,24,0.007109263,2
131072,fine,0.005,25,0.007095818,2
131072,fine,0.005,26,0.0071010990000000005,2
131072,fine,0.005,27,0.007113151000000001,2
131072,fine,0.005,28,0.007116717000000001,2
131072,fine,0.005,29,0.007110145000000001,2
131072,fine,0.005,30,0.007109444,2
131072,fine,0.005,31,0.007102751,2
131072,fine,0.005,32,0.007114373,2
131072,fine,0.005,33,0.007100407,2
131072,fine,0.005,34,0.007110937,2
131072,fine,0.005,35,0.007108993,2
131072,fine,0.005,36,0.007103212,2
131072,fine,0.005,37,0.0071062980000000005,2
131072,fine,0.005,38,0.007097301,2
131072,fine,0.005,39,0.007110245,2
131072,fine,0.005,40,0.007101970000000001,2
131072,fine,0.01,1,0.007099825000000001,1
131072,fine,0.01,2,0.007081471000000001,1
131072,fine,0.01,3,0.00709683,1
131072,fine,0.01,4,0.007145622000000001,1
131072,fine,0.01,5,0.007101719,1
131072,fine,0.01,6,0.007173756000000001,1
131072,fine,0.01,7,0.007061744,1
131072,fine,0.01,8,0.00707547,1
131072,fine,0.01,9,0.007070811000000001,1
131072,fine,0.01,10,0.007088364000000001,1
131072,fine,0.01,11,0.00714446,1
131072,fine,0.01,12,0.007075550000000001,1
131072,fine,0.01,13,0.007068737,1
131072,fine,0.01,14,0.007073897000000001,1
131072,fine,0.01,15,0.0070808500000000005,1
131072,fine,0.01,16,0.0070728250000000005,1
131072,fine,0.01,17,0.007063156,1
131072,fine,0.01,18,0.007079127,1
131072,fine,0.01,19,0.0070681960000000005,1
131072,fine,0.01,20,0.0070669140000000005,1
131072,fine,0.01,21,0.007074007,1
131072,fine,0.01,22,0.007059149000000001,1
131072,fine,0.01,23,0.007077845,1
131072,fine,0.01,24,0.007060753,1
131072,fine,0.01,25,0.007071422000000001,1
131072,fine,0.01,26,0.007069278,1
131072,fine,0.01,27,0.0070757300000000006,1
131072,fine,0.01,28,0.007069238,1
131072,fine,0.01,29,0.007077593,1
131072,fine,0.01,30,0.007061824,1
131072,fine,0.01,31,0.007074398000000001,1
131072,fine,0.01,32,0.0070698490000000004,1
131072,fine,0.01,33,0.0070736770000000004,1
131072,fine,0.01,34,0.007067245000000001,1
131072,fine,0.01,35,0.00705946,1
131072,fine,0.01,36,0.007071583,1
131072,fine,0.01,37,0.007060041,1
131072,fine,0.01,38,0.007069749,1
131072,fine,0.01,39,0.007065271000000001,1
131072,fine,0.01,40,0.0070696280000000005,1
131072,coarse,0.001,1,0.004369472,5
131072,coarse,0.001,2,0.0043794310000000005,5
131072,coarse,0.001,3,0.004364212,5
131072,coarse,0.001,4,0.00439502,5
131072,coarse,0.001,5,0.004398076,5
131072,coarse,0.001,6,0.004398306,5
131072,coarse,0.001,7,0.0043917340000000004,5
131072,coarse,0.001,8,0.004389149,5
131072,coarse,0.001,9,0.0044037270000000005,6
131072,coarse,0.001,10,0.004391313,6
131072,coarse,0.001,11,0.004403817,6
131072,coarse,0.001,12,0.004387587,6
131072,coarse,0.001,13,0.004386634,6
131072,coarse,0.001,14,0.004410048000000001,6
131072,coarse,0.001,15,0.004393677,6
131072,coarse,0.001,16,0.0043901700000000005,4
131072,coarse,0.001,17,0.004398136,4
131072,coarse,0.001,18,0.004387426000000001,4
131072,coarse,0.001,19,0.004387004,4
131072,coarse,0.001,20,0.004409878,4
131072,coarse,0.001,21,0.004396543,4
131072,coarse,0.001,22,0.004440315,4
131072,coarse,0.001,23,0.004881496,5
131072,coarse,0.001,24,0.004385852,5
131072,coarse,0.001,25,0.004393518,5
131072,coarse,0.001,26,0.004392045000000001,6
131072,coarse,0.001,27,0.004384069,6
131072,coarse,0.001,28,0.004391052,6
131072,coarse,0.001,29,0.004391483,6
131072,coarse,0.001,30,0.004386574,6
131072,coarse,0.001,31,0.004395321000000001,6
131072,coarse,0.001,32,0.0044010410000000005,6
131072,coarse,0.001,33,0.0044003900000000006,4
131072,coarse,0.001,34,0.004395241,4
131072,coarse,0.001,35,0.00439524,4
131072,coarse,0.001,36,0.004430156,4
131072,coarse,0.001,37,0.004418384,4
131072,coarse,0.001,38,0.004393467,4
131072,coarse,0.001,39,0.004398066,4
131072,coarse,0.001,40,0.004396613000000001,4
131072,coarse,0.002,1,0.004400109,2
131072,coarse,0.002,2,0.004399729000000001,2
131072,coarse,0.002,3,0.004383499,2
131072,coarse,0.002,4,0.004387836,2
131072,coarse,0.002,5,0.004387205,2
131072,coarse,0.002,6,0.004398096000000001,2
131072,coarse,0.002,7,0.004389430000000001,2
131072,coarse,0.002,8,0.004385712,2
131072,coarse,0.002,9,0.0043823560000000004,2
131072,coarse,0.002,10,0.004380613,2
131072,coarse,0.002,11,0.00438443,2
131072,coarse,0.002,12,0.004385392,2
131072,coarse,0.002,13,0.004388217000000001,2
131072,coarse,0.002,14,0.004668716000000001,3
131072,coarse,0.002,15,0.004611167,3
131072,coarse,0.002,16,0.004385792,2
131072,coarse,0.002,17,0.004379731,2
131072,coarse,0.002,18,0.004378148,2
131072,coarse,0.002,19,0.004381514,2
131072,coarse,0.002,20,0.004419096,2
131072,coarse,0.002,21,0.004395942,2
131072,coarse,0.002,22,0.004388307,2
131072,coarse,0.002,23,0.004400530000000001,2
131072,coarse,0.002,24,0.004386734000000001,2
131072,coarse,0.002,25,0.004397255,2
131072,coarse,0.002,26,0.0044169710000000004,2
131072,coarse,0.002,27,0.004404568,2
131072,coarse,0.002,28,0.004398206,2
131072,coarse,0.002,29,0.004390171,2
131072,coarse,0.002,30,0.004387335,2
131072,coarse,0.002,31,0.004395962000000001,2
131072,coarse,0.002,32,0.0043963430000000005,2
131072,coarse,0.002,33,0.004391974,2
131072,coarse,0.002,34,0.004389720000000001,2
131072,coarse,0.002,35,0.004393487000000001,2
131072,coarse,0.002,36,0.004393637000000001,2
131072,coarse,0.002,37,0.004395882,2
131072,coarse,0.002,38,0.004390662,3
131072,coarse,0.002,39,0.00440559,3
131072,coarse,0.002,40,0.004398016,3
131072,coarse,0.005,1,0.004390502,1
131072,coarse,0.005,2,0.004389961,1
131072,coarse,0.005,3,0.004407804,1
131072,coarse,0.005,4,0.004388087000000001,1
131072,coarse,0.005,5,0.004404297000000001,1
131072,coarse,0.005,6,0.004395431,1
131072,coarse,0.005,7,0.004388648,1
131072,coarse,0.005,8,0.004399038,1
131072,coarse,0.005,9,0.004408545000000001,1
131072,coarse,0.005,10,0.004388528,1
131072,coarse,0.005,11,0.004389399,1
131072,coarse,0.005,12,0.0044101190000000005,1
131072,coarse,0.005,13,0.004397995,1
131072,coarse,0.005,14,0.004389991,1
131072,coarse,0.005,15,0.004399248000000001,1
131072,coarse,0.005,16,0.004397314,1
131072,coarse,0.005,17,0.004398527,2
131072,coarse,0.005,18,0.004393577,2
131072,coarse,0.005,19,0.004434644000000001,2
131072,coarse,0.005,20,0.004396563,2
131072,coarse,0.005,21,0.004391212,2
131072,coarse,0.005,22,0.004393727,1
131072,coarse,0.005,23,0.004397495,1
131072,coarse,0.005,24,0.004403947,1
131072,coarse,0.005,25,0.004423674000000001,1
131072,coarse,0.005,26,0.004401272,1
131072,coarse,0.005,27,0.004422291,1
131072,coarse,0.005,28,0.004410880000000001,1
131072,coarse,0.005,29,0.0044051490000000006,1
131072,coarse,0.005,30,0.004387366,1
131072,coarse,0.005,31,0.004388378,1
131072,coarse,0.005,32,0.004394669,1
131072,coarse,0.005,33,0.0043993980000000005,1
131072,coarse,0.005,34,0.004395902,1
131072,coarse,0.005,35,0.004392836000000001,1
131072,coarse,0.005,36,0.004396462,1
131072,coarse,0.005,37,0.004393908,1
131072,coarse,0.005,38,0.004402915,1
131072,coarse,0.005,39,0.004397655,1
131072,coarse,0.005,40,0.0043974240000000005,1
131072,coarse,0.01,1,0.0044131940000000005,1
131072,coarse,0.01,2,0.004410139,1
131072,coarse,0.01,3,0.004397745000000001,1
131072,coarse,0.01,4,0.004406131000000001,1
131072,coarse,0.01,5,0.004402063,1
131072,coarse,0.01,6,0.004397074,1
131072,coarse,0.01,7,0.00440523,1
131072,coarse,0.01,8,0.004401212000000001,1
131072,coarse,0.01,9,0.004402575000000001,1
131072,coarse,0.01,10,0.004397886,1
131072,coarse,0.01,11,0.004407053,1
131072,coarse,0.01,12,0.0044197260000000006,1
131072,coarse,0.01,13,0.004420819,2
131072,coarse,0.01,14,0.004393908,2
131072,coarse,0.01,15,0.004396413,2
131072,coarse,0.01,16,0.004404237,2
131072,coarse,0.01,17,0.004393627000000001,1
131072,coarse,0.01,18,0.004408335,1
131072,coarse,0.01,19,0.004414357000000001,1
131072,coarse,0.01,20,0.004406762000000001,1
131072,coarse,0.01,21,0.004451977,1
131072,coarse,0.01,22,0.004438292,1
131072,coarse,0.01,23,0.004404398,1
131072,coarse,0.01,24,0.004419816,1
131072,coarse,0.01,25,0.004407243,1
131072,coarse,0.01,26,0.004423885000000001,1
131072,coarse,0.01,27,0.004410900000000001,1
131072,coarse,0.01,28,0.0044071530000000005,1
131072,coarse,0.01,29,0.004432861000000001,1
131072,coarse,0.01,30,0.004445905,1
131072,coarse,0.01,31,0.0044133340000000005,1
131072,coarse,0.01,32,0.004432060000000001,1
131072,coarse,0.01,33,0.004458350000000001,1
131072,coarse,0.01,34,0.004466665,1
131072,coarse,0.01,35,0.004442299,2
131072,coarse,0.01,36,0.004415999,1
131072,coarse,0.01,37,0.0044045080000000006,1
131072,coarse,0.01,38,0.004414477,1
131072,coarse,0.01,39,0.004415438000000001,1
131072,coarse,0.01,40,0.004417112,1
262144,none,0.0,1,0.007753287,0
262144,none,0.0,2,0.007207448000000001,0
262144,none,0.0,3,0.006960123,0
262144,none,0.0,4,0.006945766000000001,0
262144,none,0.0,5,0.006954011,0
262144,none,0.0,6,0.006950003000000001,0
262144,none,0.0,7,0.006947017000000001,0
262144,none,0.0,8,0.0069617360000000005,0
262144,none,0.0,9,0.006958019,0
262144,none,0.0,10,0.006959792,0
262144,none,0.0,11,0.006953651000000001,0
262144,none,0.0,12,0.0069528590000000005,0
262144,none,0.0,13,0.0069646510000000005,0
262144,none,0.0,14,0.006968087,0
262144,none,0.0,15,0.006898416,0
262144,none,0.0,16,0.006884681,0
262144,none,0.0,17,0.006873941000000001,0
262144,none,0.0,18,0.006899668,0
262144,none,0.0,19,0.006908194,0
262144,none,0.0,20,0.006898596000000001,0
262144,none,0.0,21,0.00688983,0
262144,none,0.0,22,0.00688431,0
262144,none,0.0,23,0.006882606,0
262144,none,0.0,24,0.006887054,0
262144,none,0.0,25,0.006879942,0
262144,none,0.0,26,0.006884841,0
262144,none,0.0,27,0.006871897,0
262144,none,0.0,28,0.006896493,0
262144,none,0.0,29,0.00688431,0
262144,none,0.0,30,0.006894599,0
262144,none,0.0,31,0.0068839190000000005,0
262144,none,0.0,32,0.006890942000000001,0
262144,none,0.0,33,0.006885782,0
262144,none,0.0,34,0.007042037,0
262144,none,0.0,35,0.0069234430000000005,0
262144,none,0.0,36,0.006906622,0
262144,none,0.0,37,0.006906621000000001,0
262144,none,0.0,38,0.006885091,0
262144,none,0.0,39,0.006879471000000001,0
262144,none,0.0,40,0.006904658,0
262144,simple,0.0,1,0.022799122,174764
262144,simple,0.0,2,0.022883291,174764
262144,simple,0.0,3,0.022763195,174764
262144,simple,0.0,4,0.022971327,174764
262144,simple,0.0,5,0.022917236,174764
262144,simple,0.0,6,0.023087546,174764
262144,simple,0.0,7,0.022961729,174764
262144,simple,0.0,8,0.023006834,174764
262144,simple,0.0,9,0.022928095000000003,174764
262144,simple,0.0,10,0.023010390000000002,174764
262144,simple,0.0,11,0.022954415000000002,174764
262144,simple,0.0,12,0.022838848000000002,174764
262144,simple,0.0,13,0.022749619000000002,174764
262144,simple,0.0,14,0.022685498000000002,174764
262144,simple,0.0,15,0.022725424,174764
262144,simple,0.0,16,0.022745412000000003,174764
262144,simple,0.0,17,0.02274439,174764
262144,simple,0.0,18,0.022764187,174764
262144,simple,0.0,19,0.022813029000000002,174764
262144,simple,0.0,20,0.022706158,174764
262144,simple,0.0,21,0.022753997,174764
262144,simple,0.0,22,0.022717299,174764
262144,simple,0.0,23,0.02276053,174764
262144,simple,0.0,24,0.022718761,174764
262144,simple,0.0,25,0.02274442,174764
262144,simple,0.0,26,0.022766190000000002,174764
262144,simple,0.0,27,0.022984973000000002,174764
262144,simple,0.0,28,0.023016161,174764
262144,simple,0.0,29,0.022968682,174764
262144,simple,0.0,30,0.022898771000000002,174764
262144,simple,0.0,31,0.022961488000000002,174764
262144,simple,0.0,32,0.022941441,174764
262144,simple,0.0,33,0.022993639,174764
262144,simple,0.0,34,0.022937032000000003,174764
262144,simple,0.0,35,0.022951199000000002,174764
262144,simple,0.0,36,0.022754338000000002,174764
262144,simple,0.0,37,0.022805444,174764
262144,simple,0.0,38,0.022837485,174764
262144,simple,0.0,39,0.022910453,174764
262144,simple,0.0,40,0.022801778,174764
262144,fine,0.001,1,0.010588187,10
262144,fine,0.001,2,0.010565255,10
262144,fine,0.001,3,0.01055784,10
262144,fine,0.001,4,0.010572939,10
262144,fine,0.001,5,0.010559153,10
262144,fine,0.001,6,0.010584060000000001,10
262144,fine,0.001,7,0.010587326000000001,10
262144,fine,0.001,8,0.010538905000000001,10
262144,fine,0.001,9,0.010577918,10
262144,fine,0.001,10,0.010569192,10
262144,fine,0.001,11,0.010550126,10
262144,fine,0.001,12,0.010565174,10
262144,fine,0.001,13,0.010553152000000001,10
262144,fine,0.001,14,0.010544345,10
262144,fine,0.001,15,0.010636328,10
262144,fine,0.001,16,0.010544415000000001,10
262144,fine,0.001,17,0.010559734000000001,10
262144,fine,0.001,18,0.010602225,10
262144,fine,0.001,19,0.010539737,10
262144,fine,0.001,20,0.010547942000000001,10
262144,fine,0.001,21,0.010554785,10
262144,fine,0.001,22,0.010568741000000001,10
262144,fine,0.001,23,0.010551890000000001,10
262144,fine,0.001,24,0.010549445000000001,10
262144,fine,0.001,25,0.010554284,10
262144,fine,0.001,26,0.010567920000000001,10
262144,fine,0.001,27,0.010562029,10
262144,fine,0.001,28,0.010538123,10
262144,fine,0.001,29,0.010557841,10
262144,fine,0.001,30,0.010562329,10
262144,fine,0.001,31,0.010561378000000001,10
262144,fine,0.001,32,0.010559804,10
262144,fine,0.001,33,0.010531891,10
262144,fine,0.001,34,0.010554153,10
262144,fine,0.001,35,0.010555767,10
262144,fine,0.001,36,0.010570865,10
262144,fine,0.001,37,0.010564113,10
262144,fine,0.001,38,0.010566757000000001,10
262144,fine,0.001,39,0.010555697000000001,10
262144,fine,0.001,40,0.010578269000000001,10
262144,fine,0.002,1,0.010558862,6
262144,fine,0.002,2,0.010546349,6
262144,fine,0.002,3,0.010538694000000001,6
262144,fine,0.002,4,0.010538564,6
262144,fine,0.002,5,0.010546609,6
262144,fine,0.002,6,0.010555325,6
262144,fine,0.002,7,0.010544936000000001,6
262144,fine,0.002,8,0.010551298,6
262144,fine,0.002,9,0.010562659,6
262144,fine,0.002,10,0.010551027000000001,6
262144,fine,0.002,11,0.01054157,6
262144,fine,0.002,12,0.010540378000000001,6
262144,fine,0.002,13,0.010545788,6
262144,fine,0.002,14,0.010561778,6
262144,fine,0.002,15,0.010546299,6
262144,fine,0.002,16,0.010575784000000001,6
262144,fine,0.002,17,0.01059469,6
262144,fine,0.002,18,0.010583319,6
262144,fine,0.002,19,0.010577077,6
262144,fine,0.002,20,0.010566487000000001,6
262144,fine,0.002,21,0.010559785,6
262144,fine,0.002,22,0.010556719,6
262144,fine,0.002,23,0.010604949,6
262144,fine,0.002,24,0.010581515000000001,6
262144,fine,0.002,25,0.010590202,6
262144,fine,0.002,26,0.010587446,6
262144,fine,0.002,27,0.01058424,6
262144,fine,0.002,28,0.010582677,6
262144,fine,0.002,29,0.010573770000000001,6
262144,fine,0.002,30,0.010787783,6
262144,fine,0.002,31,0.010568661,6
262144,fine,0.002,32,0.010595671000000001,6
262144,fine,0.002,33,0.010595381000000001,6
262144,fine,0.002,34,0.010571717000000001,6
262144,fine,0.002,35,0.010582617,6
262144,fine,0.002,36,0.010576115,6
262144,fine,0.002,37,0.01058894,6
262144,fine,0.002,38,0.010593628,6
262144,fine,0.002,39,0.010582146,6
262144,fine,0.002,40,0.010589109000000001,6
262144,fine,0.005,1,0.010580232,3
262144,fine,0.005,2,0.010554124,3
262144,fine,0.005,3,0.010571496000000001,3
262144,fine,0.005,4,0.010582257000000001,3
262144,fine,0.005,5,0.010562339,3
262144,fine,0.005,6,0.010562178,3
262144,fine,0.005,7,0.010572448,3
262144,fine,0.005,8,0.010563882,3
262144,fine,0.005,9,0.010587437,3
262144,fine,0.005,10,0.010566196,3
262144,fine,0.005,11,0.010564914,3
262144,fine,0.005,12,0.010577218000000001,3
262144,fine,0.005,13,0.010537311,3
262144,fine,0.005,14,0.010575854,3
262144,fine,0.005,15,0.010581485,3
262144,fine,0.005,16,0.010558011,3
262144,fine,0.005,17,0.01055736,3
262144,fine,0.005,18,0.010575674,3
262144,fine,0.005,19,0.010574521,3
262144,fine,0.005,20,0.010680983000000002,3
262144,fine,0.005,21,0.010573911,3
262144,fine,0.005,22,0.010572989000000001,3
262144,fine,0.005,23,0.010592556000000001,3
262144,fine,0.005,24,0.010590503000000001,3
262144,fine,0.005,25,0.010587847000000001,3
262144,fine,0.005,26,0.010582747,3
262144,fine,0.005,27,0.010559855,3
262144,fine,0.005,28,0.010580313000000001,3
262144,fine,0.005,29,0.010567859,3
262144,fine,0.005,30,0.010569783000000001,3
262144,fine,0.005,31,0.010598207,3
262144,fine,0.005,32,0.010589631,3
262144,fine,0.005,33,0.010572068,3
262144,fine,0.005,34,0.010567239,3
262144,fine,0.005,35,0.010590041000000001,3
262144,fine,0.005,36,0.010574582,3
262144,fine,0.005,37,0.010571787000000001,3
262144,fine,0.005,38,0.010574401,3
262144,fine,0.005,39,0.010560155,3
262144,fine,0.005,40,0.010572909,3
262144,fine,0.01,1,0.010592556000000001,2
262144,fine,0.01,2,0.010572648,2
262144,fine,0.01,3,0.010586244,2
262144,fine,0.01,4,0.0105789,2
262144,fine,0.01,5,0.010567489000000001,2
262144,fine,0.01,6,0.010570694,2
262144,fine,0.01,7,0.010577628,2
262144,fine,0.01,8,0.010590923,2
262144,fine,0.01,9,0.010575964,2
262144,fine,0.01,10,0.010565445000000001,2
262144,fine,0.01,11,0.010565285,2
262144,fine,0.01,12,0.01059461,2
262144,fine,0.01,13,0.010562700000000001,2
262144,fine,0.01,14,0.010570375,2
262144,fine,0.01,15,0.010612032,2
262144,fine,0.01,16,0.010612504,2
262144,fine,0.01,17,0.010606582,2
262144,fine,0.01,18,0.010627962000000001,2
262144,fine,0.01,19,0.010618405000000001,2
262144,fine,0.01,20,0.010611191,2
262144,fine,0.01,21,0.010617874000000001,2
262144,fine,0.01,22,0.010723292,2
262144,fine,0.01,23,0.010606682000000001,2
262144,fine,0.01,24,0.010607303,2
262144,fine,0.01,25,0.010620068,2
262144,fine,0.01,26,0.010603807,2
262144,fine,0.01,27,0.010607735,2
262144,fine,0.01,28,0.010651958000000001,2
262144,fine,0.01,29,0.010588077000000001,2
262144,fine,0.01,30,0.010557450000000001,2
262144,fine,0.01,31,0.010614007,2
262144,fine,0.01,32,0.010571897,2
262144,fine,0.01,33,0.010544004000000001,2
262144,fine,0.01,34,0.010572778000000001,2
262144,fine,0.01,35,0.010553963000000001,2
262144,fine,0.01,36,0.010571226000000001,2
262144,fine,0.01,37,0.010569242000000001,2
262144,fine,0.01,38,0.010560666,2
262144,fine,0.01,39,0.010575995000000001,2
262144,fine,0.01,40,0.010552942000000001,2
262144,coarse,0.001,1,0.00778688,7
262144,coarse,0.001,2,0.007797490000000001,8
262144,coarse,0.001,3,0.007800035,8
262144,coarse,0.001,4,0.007807479000000001,8
262144,coarse,0.001,5,0.007808410000000001,8
262144,coarse,0.001,6,0.00783435,8
262144,coarse,0.001,7,0.007814532,8
262144,coarse,0.001,8,0.0077990130000000005,8
262144,coarse,0.001,9,0.007824682000000001,8
262144,coarse,0.001,10,0.007806207000000001,8
262144,coarse,0.001,11,0.007831234000000001,8
262144,coarse,0.001,12,0.007801698,8
262144,coarse,0.001,13,0.007796038000000001,8
262144,coarse,0.001,14,0.007830423000000001,8
262144,coarse,0.001,15,0.007806347000000001,8
262144,coarse,0.001,16,0.007792791,7
262144,coarse,0.001,17,0.007814662,7
262144,coarse,0.001,18,0.00781329,7
262144,coarse,0.001,19,0.007804514,8
262144,coarse,0.001,20,0.007811717,8
262144,coarse,0.001,21,0.007794344000000001,8
262144,coarse,0.001,22,0.007820534,8
262144,coarse,0.001,23,0.00780309,8
262144,coarse,0.001,24,0.007817437,8
262144,coarse,0.001,25,0.007805696000000001,8
262144,coarse,0.001,26,0.007816245000000001,8
262144,coarse,0.001,27,0.007799063,8
262144,coarse,0.001,28,0.007800035,8
262144,coarse,0.001,29,0.007813480000000001,8
262144,coarse,0.001,30,0.007829911,8
262144,coarse,0.001,31,0.007851733,8
262144,coarse,0.001,32,0.00785062,7
262144,coarse,0.001,33,0.0078086810000000005,7
262144,coarse,0.001,34,0.007809292000000001,7
262144,coarse,0.001,35,0.0078080400000000005,8
262144,coarse,0.001,36,0.007832266000000001,8
262144,coarse,0.001,37,0.007823339,8
262144,coarse,0.001,38,0.007815073,8
262144,coarse,0.001,39,0.0077931020000000005,8
262144,coarse,0.001,40,0.007821295,8
262144,coarse,0.002,1,0.007839269000000001,4
262144,coarse,0.002,2,0.007851402,4
262144,coarse,0.002,3,0.007831414,4
262144,coarse,0.002,4,0.007799915,4
262144,coarse,0.002,5,0.007832897,4
262144,coarse,0.002,6,0.007808010000000001,4
262144,coarse,0.002,7,0.007795576,4
262144,coarse,0.002,8,0.007843568,4
262144,coarse,0.002,9,0.007834119,4
262144,coarse,0.002,10,0.007804453,4
262144,coarse,0.002,11,0.007805776,4
262144,coarse,0.002,12,0.007805084,4
262144,coarse,0.002,13,0.007848066,4
262144,coarse,0.002,14,0.007880626,4
262144,coarse,0.002,15,0.007885596,4
262144,coarse,0.002,16,0.007840381,4
262144,coarse,0.002,17,0.007843417,4
262144,coarse,0.002,18,0.007840261000000001,4
262144,coarse,0.002,19,0.007857133,4
262144,coarse,0.002,20,0.007866531000000001,4
262144,coarse,0.002,21,0.007848045,4
262144,coarse,0.002,22,0.007847925,4
262144,coarse,0.002,23,0.007840561000000001,4
262144,coarse,0.002,24,0.007838798000000001,4
262144,coarse,0.002,25,0.007819442000000001,4
262144,coarse,0.002,26,0.007857002,4
262144,coarse,0.002,27,0.007831975,4
262144,coarse,0.002,28,0.00782878,4
262144,coarse,0.002,29,0.007851462,4
262144,coarse,0.002,30,0.007836323000000001,4
262144,coarse,0.002,31,0.007836523,4
262144,coarse,0.002,32,0.008128664,4
262144,coarse,0.002,33,0.007819912,4
262144,coarse,0.002,34,0.007820644,4
262144,coarse,0.002,35,0.007866911,4
262144,coarse,0.002,36,0.007818069,4
262144,coarse,0.002,37,0.00783492,4
262144,coarse,0.002,38,0.007820273,4
262144,coarse,0.002,39,0.007868895,4
262144,coarse,0.002,40,0.007828398,4
262144,coarse,0.005,1,0.007863334000000001,2
262144,coarse,0.005,2,0.007834520000000001,2
262144,coarse,0.005,3,0.008117734,2
262144,coarse,0.005,4,0.007842335,2
262144,coarse,0.005,5,0.007833087,2
262144,coarse,0.005,6,0.007928106,2
262144,coarse,0.005,7,0.007868524,2
262144,coarse,0.005,8,0.007872592000000001,2
262144,coarse,0.005,9,0.007833207,2
262144,coarse,0.005,10,0.00784522,2
262144,coarse,0.005,11,0.007850009,2
262144,coarse,0.005,12,0.007856621000000001,2
262144,coarse,0.005,13,0.007833228000000001,2
262144,coarse,0.005,14,0.007860078000000001,2
262144,coarse,0.005,15,0.007863905000000001,2
262144,coarse,0.005,16,0.007831274000000001,2
262144,coarse,0.005,17,0.007825022000000001,2
262144,coarse,0.005,18,0.007800246,2
262144,coarse,0.005,19,0.007833869,2
262144,coarse,0.005,20,0.0078031210000000005,2
262144,coarse,0.005,21,0.007981867,2
262144,coarse,0.005,22,0.007841302,2
262144,coarse,0.005,23,0.00781343,2
262144,coarse,0.005,24,0.00783442,2
262144,coarse,0.005,25,0.007808992000000001,2
262144,coarse,0.005,26,0.007807349000000001,2
262144,coarse,0.005,27,0.007818971000000001,2
262144,coarse,0.005,28,0.007832166,2
262144,coarse,0.005,29,0.007841664,2
262144,coarse,0.005,30,0.007847645,2
262144,coarse,0.005,31,0.007811496,2
262144,coarse,0.005,32,0.007816736000000001,2
262144,coarse,0.005,33,0.007802910000000001,2
262144,coarse,0.005,34,0.007844579,2
262144,coarse,0.005,35,0.007815344,2
262144,coarse,0.005,36,0.007817698,2
262144,coarse,0.005,37,0.007835141,2
262144,coarse,0.005,38,0.007831955,2
262144,coarse,0.005,39,0.007878132000000001,2
262144,coarse,0.005,40,0.007825193000000001,2
262144,coarse,0.01,1,0.007865919,1
262144,coarse,0.01,2,0.007841653,1
262144,coarse,0.01,3,0.007863324,1
262144,coarse,0.01,4,0.007837275000000001,1
262144,coarse,0.01,5,0.007865347,1
262144,coarse,0.01,6,0.007864146,1
262144,coarse,0.01,7,0.007888281,1
262144,coarse,0.01,8,0.007841554,1
262144,coarse,0.01,9,0.007820734000000001,1
262144,coarse,0.01,10,0.007875327,1
262144,coarse,0.01,11,0.007828027000000001,1
262144,coarse,0.01,12,0.007880557,1
262144,coarse,0.01,13,0.00784551,1
262144,coarse,0.01,14,0.007848526,1
262144,coarse,0.01,15,0.007838928,1
262144,coarse,0.01,16,0.007874695000000001,1
262144,coarse,0.01,17,0.007841734000000001,1
262144,coarse,0.01,18,0.007889494,1
262144,coarse,0.01,19,0.007846151,1
262144,coarse,0.01,20,0.007896446,1
262144,coarse,0.01,21,0.007922796000000001,1
262144,coarse,0.01,22,0.007979473,1
262144,coarse,0.01,23,0.007876439,1
262144,coarse,0.01,24,0.007840891000000001,1
262144,coarse,0.01,25,0.007904562,1
262144,coarse,0.01,26,0.007893721000000001,1
262144,coarse,0.01,27,0.007897468000000001,1
262144,coarse,0.01,28,0.007858936,1
262144,coarse,0.01,29,0.007885406000000001,1
262144,coarse,0.01,30,0.007856421,1
262144,coarse,0.01,31,0.007862753,1
262144,coarse,0.01,32,0.007916384,1
262144,coarse,0.01,33,0.007852103000000001,1
262144,coarse,0.01,34,0.007894563,1
262144,coarse,0.01,35,0.007853355000000001,1
262144,coarse,0.01,36,0.007863955,1
262144,coarse,0.01,37,0.007842114,1
262144,coarse,0.01,38,0.007894793,1
262144,coarse,0.01,39,0.007848296000000001,1
262144,coarse,0.01,40,0.00784478,1
524288,none,0.0,1,0.016944944,0
524288,none,0.0,2,0.016496539,0
524288,none,0.0,3,0.015688887000000002,0
524288,none,0.0,4,0.015626710000000002,0
524288,none,0.0,5,0.015703785,0
524288,none,0.0,6,0.015720236000000002,0
524288,none,0.0,7,0.015688216,0
524288,none,0.0,8,0.015662037,0
524288,none,0.0,9,0.015686482,0
524288,none,0.0,10,0.015687916,0
524288,none,0.0,11,0.015675312,0
524288,none,0.0,12,0.015733632,0
524288,none,0.0,13,0.016495917000000002,0
524288,none,0.0,14,0.016211452,0
524288,none,0.0,15,0.015669881,0
524288,none,0.0,16,0.015697894,0
524288,none,0.0,17,0.015685271,0
524288,none,0.0,18,0.016002989000000002,0
524288,none,0.0,19,0.015612082000000001,0
524288,none,0.0,20,0.01566357,0
524288,none,0.0,21,0.015612493000000002,0
524288,none,0.0,22,0.015751686,0
524288,none,0.0,23,0.015758498,0
524288,none,0.0,24,0.015765001,0
524288,none,0.0,25,0.015649954,0
524288,none,0.0,26,0.015639835,0
524288,none,0.0,27,0.015705979000000002,0
524288,none,0.0,28,0.015664812,0
524288,none,0.0,29,0.015728061,0
524288,none,0.0,30,0.015720586,0
524288,none,0.0,31,0.015797021,0
524288,none,0.0,32,0.015743079,0
524288,none,0.0,33,0.015848578000000002,0
524288,none,0.0,34,0.015787733,0
524288,none,0.0,35,0.015850732,0
524288,none,0.0,36,0.015734564,0
524288,none,0.0,37,0.015757877,0
524288,none,0.0,38,0.015768087,0
524288,none,0.0,39,0.015572047,0
524288,none,0.0,40,0.015407827,0
524288,simple,0.0,1,0.084076617,699052
524288,simple,0.0,2,0.08163033900000001,699052
524288,simple,0.0,3,0.080949646,699052
524288,simple,0.0,4,0.08172744200000001,699052
524288,simple,0.0,5,0.079390158,699052
524288,simple,0.0,6,0.079131981,699052
524288,simple,0.0,7,0.07880920400000001,699052
524288,simple,0.0,8,0.07940823200000001,699052
524288,simple,0.0,9,0.07892779700000001,699052
524288,simple,0.0,10,0.079015212,699052
524288,simple,0.0,11,0.078863335,699052
524288,simple,0.0,12,0.079308614,699052
524288,simple,0.0,13,0.07875715500000001,699052
524288,simple,0.0,14,0.07992982500000001,699052
524288,simple,0.0,15,0.07935405000000001,699052
524288,simple,0.0,16,0.07923479500000001,699052
524288,simple,0.0,17,0.07962951900000001,699052
524288,simple,0.0,18,0.08027621700000001,699052
524288,simple,0.0,19,0.08101198300000001,699052
524288,simple,0.0,20,0.081629186,699052
524288,simple,0.0,21,0.081036419,699052
524288,simple,0.0,22,0.080018822,699052
524288,simple,0.0,23,0.07932764,699052
524288,simple,0.0,24,0.079329834,699052
524288,simple,0.0,25,0.078421513,699052
524288,simple,0.0,26,0.079715641,699052
524288,simple,0.0,27,0.08036559600000001,699052
524288,simple,0.0,28,0.08112815200000001,699052
524288,simple,0.0,29,0.079722925,699052
524288,simple,0.0,30,0.07926733600000001,699052
524288,simple,0.0,31,0.07870038800000001,699052
524288,simple,0.0,32,0.08036829100000001,699052
524288,simple,0.0,33,0.08072504300000001,699052
524288,simple,0.0,34,0.08026569700000001,699052
524288,simple,0.0,35,0.079997122,699052
524288,simple,0.0,36,0.080267851,699052
524288,simple,0.0,37,0.08053774000000001,699052
524288,simple,0.0,38,0.080789123,699052
524288,simple,0.0,39,0.08022673400000001,699052
524288,simple,0.0,40,0.080180396,699052
524288,fine,0.001,1,0.029839877,27
524288,fine,0.001,2,0.029901503000000003,28
524288,fine,0.001,3,0.029828666,27
524288,fine,0.001,4,0.029809018000000003,27
524288,fine,0.001,5,0.029808127,27
524288,fine,0.001,6,0.029796645000000004,27
524288,fine,0.001,7,0.029884081000000003,27
524288,fine,0.001,8,0.029900432,28
524288,fine,0.001,9,0.031515163,29
524288,fine,0.001,10,0.029888268000000003,27
524288,fine,0.001,11,0.029908767000000003,28
524288,fine,0.001,12,0.029898668000000003,28
524288,fine,0.001,13,0.029935417000000002,28
524288,fine,0.001,14,0.029923574,28
524288,fine,0.001,15,0.029852801,27
524288,fine,0.001,16,0.029901263,28
524288,fine,0.001,17,0.029828896,27
524288,fine,0.001,18,0.029827835,27
524288,fine,0.001,19,0.029848824000000003,27
524288,fine,0.001,20,0.029849755000000002,27
524288,fine,0.001,21,0.029865095,27
524288,fine,0.001,22,0.029897095000000002,27
524288,fine,0.001,23,0.029852040000000003,27
524288,fine,0.001,24,0.029933814000000003,28
524288,fine,0.001,25,0.030313319000000002,28
524288,fine,0.001,26,0.030034174,28
524288,fine,0.001,27,0.029948221,28
524288,fine,0.001,28,0.030089217,28
524288,fine,0.001,29,0.030075381,28
524288,fine,0.001,30,0.0300751,28
524288,fine,0.001,31,0.030080390000000002,28
524288,fine,0.001,32,0.030042930000000002,28
524288,fine,0.001,33,0.030036267000000002,28
524288,fine,0.001,34,0.030031228000000004,28
524288,fine,0.001,35,0.030044813000000004,28
524288,fine,0.001,36,0.029966085000000003,28
524288,fine,0.001,37,0.029935708000000002,28
524288,fine,0.001,38,0.029912293000000003,28
524288,fine,0.001,39,0.029925418000000002,28
524288,fine,0.001,40,0.030393951000000002,28
524288,fine,0.002,1,0.030229902000000003,15
524288,fine,0.002,2,0.0299955,15
524288,fine,0.002,3,0.029973168,15
524288,fine,0.002,4,0.029905881000000002,15
524288,fine,0.002,5,0.030088105,15
524288,fine,0.002,6,0.029923544000000003,15
524288,fine,0.002,7,0.029985200000000004,15
524288,fine,0.002,8,0.029964011000000002,15
524288,fine,0.002,9,0.030051406000000003,15
524288,fine,0.002,10,0.029993196000000003,15
524288,fine,0.002,11,0.030038812,15
524288,fine,0.002,12,0.030054362,15
524288,fine,0.002,13,0.030121939,15
524288,fine,0.002,14,0.030063188,15
524288,fine,0.002,15,0.030006421000000002,15
524288,fine,0.002,16,0.030872532,15
524288,fine,0.002,17,0.030002733,15
524288,fine,0.002,18,0.029966005,15
524288,fine,0.002,19,0.030086912,15
524288,fine,0.002,20,0.030079228000000003,15
524288,fine,0.002,21,0.029991853000000002,15
524288,fine,0.002,22,0.03000053,15
524288,fine,0.002,23,0.030036136,15
524288,fine,0.002,24,0.030006722000000003,15
524288,fine,0.002,25,0.030026008000000003,15
524288,fine,0.002,26,0.029946037000000002,15
524288,fine,0.002,27,0.030085821000000002,15
524288,fine,0.002,28,0.029863652,15
524288,fine,0.002,29,0.029901133000000003,15
524288,fine,0.002,30,0.029981103000000002,15
524288,fine,0.002,31,0.030281699000000002,15
524288,fine,0.002,32,0.029992164,15
524288,fine,0.002,33,0.029928534000000003,15
524288,fine,0.002,34,0.029948882000000003,15
524288,fine,0.002,35,0.029886314,15
524288,fine,0.002,36,0.029878690000000003,15
524288,fine,0.002,37,0.029861989000000002,15
524288,fine,0.002,38,0.02986762,15
524288,fine,0.002,39,0.029850828000000003,15
524288,fine,0.002,40,0.029907144000000004,15
524288,fine,0.005,1,0.029899750000000003,6
524288,fine,0.005,2,0.029893417000000002,6
524288,fine,0.005,3,0.029852972000000002,6
524288,fine,0.005,4,0.030050353000000002,7
524288,fine,0.005,5,0.030208342000000003,7
524288,fine,0.005,6,0.029997054000000002,6
524288,fine,0.005,7,0.029958351,6
524288,fine,0.005,8,0.029991823,6
524288,fine,0.005,9,0.030066203000000003,6
524288,fine,0.005,10,0.030127889,6
524288,fine,0.005,11,0.030020427000000002,6
524288,fine,0.005,12,0.030055343,6
524288,fine,0.005,13,0.029990321,6
524288,fine,0.005,14,0.030038692000000002,6
524288,fine,0.005,15,0.029977045,6
524288,fine,0.005,16,0.03000022,6
524288,fine,0.005,17,0.029951277000000002,6
524288,fine,0.005,18,0.029945206000000002,6
524288,fine,0.005,19,0.029901303,6
524288,fine,0.005,20,0.029908727000000003,6
524288,fine,0.005,21,0.029975533000000002,6
524288,fine,0.005,22,0.030353104000000002,7
524288,fine,0.005,23,0.029968469,6
524288,fine,0.005,24,0.029950776000000002,6
524288,fine,0.005,25,0.029949754000000002,6
524288,fine,0.005,26,0.029956146000000003,6
524288,fine,0.005,27,0.029939946000000002,6
524288,fine,0.005,28,0.030208902000000003,7
524288,fine,0.005,29,0.030003014,6
524288,fine,0.005,30,0.029991803,6
524288,fine,0.005,31,0.030008555000000003,6
524288,fine,0.005,32,0.029991643000000002,6
524288,fine,0.005,33,0.030012863,6
524288,fine,0.005,34,0.030035345,6
524288,fine,0.005,35,0.030171762,7
524288,fine,0.005,36,0.030007143000000003,6
524288,fine,0.005,37,0.030330171000000003,7
524288,fine,0.005,38,0.029943242000000002,6
524288,fine,0.005,39,0.029942811000000003,6
524288,fine,0.005,40,0.029959983000000003,6
524288,fine,0.01,1,0.029989960000000003,3
524288,fine,0.01,2,0.029959993,3
524288,fine,0.01,3,0.029930858,3
524288,fine,0.01,4,0.029986935000000003,3
524288,fine,0.01,5,0.029946398000000003,3
524288,fine,0.01,6,0.029966245000000002,3
524288,fine,0.01,7,0.030031798000000002,3
524288,fine,0.01,8,0.030048961000000003,3
524288,fine,0.01,9,0.030029454,3
524288,fine,0.01,10,0.030008064,3
524288,fine,0.01,11,0.030037710000000002,3
524288,fine,0.01,12,0.030243718000000003,4
524288,fine,0.01,13,0.030297249000000002,4
524288,fine,0.01,14,0.030181721,4
524288,fine,0.01,15,0.030105528000000003,3
524288,fine,0.01,16,0.030134492000000002,4
524288,fine,0.01,17,0.030093525000000003,4
524288,fine,0.01,18,0.030131827000000003,4
524288,fine,0.01,19,0.030121998,4
524288,fine,0.01,20,0.030079228000000003,3
524288,fine,0.01,21,0.030100207,4
524288,fine,0.01,22,0.030067666000000003,3
524288,fine,0.01,23,0.030156103000000004,4
524288,fine,0.01,24,0.030096872,4
524288,fine,0.01,25,0.030104085000000003,4
524288,fine,0.01,26,0.030089668000000003,4
524288,fine,0.01,27,0.030084217000000003,4
524288,fine,0.01,28,0.030315453000000003,4
524288,fine,0.01,29,0.030063659000000003,3
524288,fine,0.01,30,0.030118341000000003,3
524288,fine,0.01,31,0.030220014000000003,4
524288,fine,0.01,32,0.030162234000000003,3
524288,fine,0.01,33,0.030180219,4
524288,fine,0.01,34,0.030141756000000002,3
524288,fine,0.01,35,0.030175470000000003,4
524288,fine,0.01,36,0.030130966000000002,3
524288,fine,0.01,37,0.030191921000000004,4
524288,fine,0.01,38,0.030073747,3
524288,fine,0.01,39,0.029923054,3
524288,fine,0.01,40,0.029848734000000002,3
524288,coarse,0.001,1,0.019080026,18
524288,coarse,0.001,2,0.019131002,17
524288,coarse,0.001,3,0.01910859,17
524288,coarse,0.001,4,0.019134438,18
524288,coarse,0.001,5,0.020020668000000002,18
524288,coarse,0.001,6,0.019145479,18
524288,coarse,0.001,7,0.01909812,17
524288,coarse,0.001,8,0.019115092,17
524288,coarse,0.001,9,0.019237252,18
524288,coarse,0.001,10,0.019122967,17
524288,coarse,0.001,11,0.019078543,18
524288,coarse,0.001,12,0.019145931,18
524288,coarse,0.001,13,0.019250237,17
524288,coarse,0.001,14,0.019092249000000002,18
524288,coarse,0.001,15,0.019134718000000002,17
524288,coarse,0.001,16,0.019153674000000002,17
524288,coarse,0.001,17,0.019190594000000002,18
524288,coarse,0.001,18,0.019075237000000002,17
524288,coarse,0.001,19,0.01919407,17
524288,coarse,0.001,20,0.019097479,18
524288,coarse,0.001,21,0.019116364,17
524288,coarse,0.001,22,0.019164726,18
524288,coarse,0.001,23,0.019150088000000003,18
524288,coarse,0.001,24,0.019174123,17
524288,coarse,0.001,25,0.019063455,18
524288,coarse,0.001,26,0.019152563,17
524288,coarse,0.001,27,0.019137254000000003,17
524288,coarse,0.001,28,0.019299229,18
524288,coarse,0.001,29,0.019222494,18
524288,coarse,0.001,30,0.019069466,17
524288,coarse,0.001,31,0.019053887000000002,18
524288,coarse,0.001,32,0.019225349000000003,17
524288,coarse,0.001,33,0.019138918,17
524288,coarse,0.001,34,0.019072541000000002,18
524288,coarse,0.001,35,0.019054248000000003,17
524288,coarse,0.001,36,0.019191916,18
524288,coarse,0.001,37,0.019070007,17
524288,coarse,0.001,38,0.019067021,17
524288,coarse,0.001,39,0.019199431000000003,18
524288,coarse,0.001,40,0.019086519,17
524288,coarse,0.002,1,0.019074175000000002,9
524288,coarse,0.002,2,0.019131143,9
524288,coarse,0.002,3,0.019135100000000002,9
524288,coarse,0.002,4,0.019094403000000003,10
524288,coarse,0.002,5,0.019077201000000002,9
524288,coarse,0.002,6,0.019207166,9
524288,coarse,0.002,7,0.019081468,9
524288,coarse,0.002,8,0.019098260000000002,9
524288,coarse,0.002,9,0.019180555000000002,10
524288,coarse,0.002,10,0.01909243,9
524288,coarse,0.002,11,0.019815321,10
524288,coarse,0.002,12,0.019212927,9
524288,coarse,0.002,13,0.019174845000000003,9
524288,coarse,0.002,14,0.019112087,10
524288,coarse,0.002,15,0.019072963000000002,9
524288,coarse,0.002,16,0.019177640000000003,9
524288,coarse,0.002,17,0.019046322,9
524288,coarse,0.002,18,0.019099553000000002,9
524288,coarse,0.002,19,0.019139919000000002,10
524288,coarse,0.002,20,0.019089714,9
524288,coarse,0.002,21,0.019094403000000003,9
524288,coarse,0.002,22,0.019127856000000002,9
524288,coarse,0.002,23,0.019307705,9
524288,coarse,0.002,24,0.019266187,9
524288,coarse,0.002,25,0.019219199000000003,10
524288,coarse,0.002,26,0.019330358000000002,10
524288,coarse,0.002,27,0.01927332,9
524288,coarse,0.002,28,0.019240228,9
524288,coarse,0.002,29,0.019308797000000003,10
524288,coarse,0.002,30,0.019309688000000002,10
524288,coarse,0.002,31,0.019211894,9
524288,coarse,0.002,32,0.019272118,9
524288,coarse,0.002,33,0.019263812,10
524288,coarse,0.002,34,0.01989412,10
524288,coarse,0.002,35,0.019255698,9
524288,coarse,0.002,36,0.019313445000000002,10
524288,coarse,0.002,37,0.019262019000000002,10
524288,coarse,0.002,38,0.019233265000000003,9
524288,coarse,0.002,39,0.019363831,9
524288,coarse,0.002,40,0.019188861,10
524288,coarse,0.005,1,0.019236751,4
524288,coarse,0.005,2,0.019321852,4
524288,coarse,0.005,3,0.019237352000000003,4
524288,coarse,0.005,4,0.019196105,4
524288,coarse,0.005,5,0.019211253,4
524288,coarse,0.005,6,0.019340427,4
524288,coarse,0.005,7,0.019259595,4
524288,coarse,0.005,8,0.019187949000000003,4
524288,coarse,0.005,9,0.019336729,4
524288,coarse,0.005,10,0.019254786000000003,4
524288,coarse,0.005,11,0.019262379,4
524288,coarse,0.005,12,0.019314057000000003,4
524288,coarse,0.005,13,0.019255867000000003,4
524288,coarse,0.005,14,0.019241741,4
524288,coarse,0.005,15,0.019351287000000002,4
524288,coarse,0.005,16,0.019251329,4
524288,coarse,0.005,17,0.019901463,4
524288,coarse,0.005,18,0.019285293000000002,4
524288,coarse,0.005,19,0.019318977,4
524288,coarse,0.005,20,0.019222975,4
524288,coarse,0.005,21,0.019264704,4
524288,coarse,0.005,22,0.019366396,4
524288,coarse,0.005,23,0.019244226,4
524288,coarse,0.005,24,0.019426448000000002,4
524288,coarse,0.005,25,0.019337311000000003,4
524288,coarse,0.005,26,0.019263171000000003,4
524288,coarse,0.005,27,0.019176678000000003,4
524288,coarse,0.005,28,0.019251789000000002,4
524288,coarse,0.005,29,0.019215612,4
524288,coarse,0.005,30,0.019175035,4
524288,coarse,0.005,31,0.019184503000000002,4
524288,coarse,0.005,32,0.019275834000000002,4
524288,coarse,0.005,33,0.019213918,4
524288,coarse,0.005,34,0.019145891,4
524288,coarse,0.005,35,0.019202877,4
524288,coarse,0.005,36,0.019184062,4
524288,coarse,0.005,37,0.019170657,4
524288,coarse,0.005,38,0.019259434000000002,4
524288,coarse,0.005,39,0.019181787000000002,4
524288,coarse,0.005,40,0.019815271000000002,4
524288,coarse,0.01,1,0.019197878,2
524288,coarse,0.01,2,0.019207797000000002,2
524288,coarse,0.01,3,0.019170296,2
524288,coarse,0.01,4,0.019160418000000002,2
524288,coarse,0.01,5,0.019309318000000002,2
524288,coarse,0.01,6,0.019170346,2
524288,coarse,0.01,7,0.019185955,2
524288,coarse,0.01,8,0.019289841000000002,2
524288,coarse,0.01,9,0.019251650000000002,2
524288,coarse,0.01,10,0.019222785000000003,2
524288,coarse,0.01,11,0.0191938,2
524288,coarse,0.01,12,0.019226562000000003,2
524288,coarse,0.01,13,0.019235389000000002,2
524288,coarse,0.01,14,0.019220159,2
524288,coarse,0.01,15,0.019330949,2
524288,coarse,0.01,16,0.019254545,2
524288,coarse,0.01,17,0.019207576,2
524288,coarse,0.01,18,0.019235038000000003,2
524288,coarse,0.01,19,0.019171729000000002,2
524288,coarse,0.01,20,0.019218107,2
524288,coarse,0.01,21,0.019266988000000002,2
524288,coarse,0.01,22,0.019260947,2
524288,coarse,0.01,23,0.019900091,2
524288,coarse,0.01,24,0.019281756,2
524288,coarse,0.01,25,0.01931543,2
524288,coarse,0.01,26,0.019222865000000002,2
524288,coarse,0.01,27,0.019246089,2
524288,coarse,0.01,28,0.019430647000000002,2
524288,coarse,0.01,29,0.019248824,2
524288,coarse,0.01,30,0.019205643,2
524288,coarse,0.01,31,0.019309698,2
524288,coarse,0.01,32,0.019280153,2
524288,coarse,0.01,33,0.019196044000000002,2
524288,coarse,0.01,34,0.019270945,2
524288,coarse,0.01,35,0.01932124,2
524288,coarse,0.01,36,0.019257180000000002,2
524288,coarse,0.01,37,0.019269713,2
524288,coarse,0.01,38,0.019365314,2
524288,coarse,0.01,39,0.019273871,2
524288,coarse,0.01,40,0.019261427,2
1048576,none,0.0,1,0.039752713,0
1048576,none,0.0,2,0.037699173,0
1048576,none,0.0,3,0.038243088,0
1048576,none,0.0,4,0.037032918000000005,0
1048576,none,0.0,5,0.036474567,0
1048576,none,0.0,6,0.036965782,0
1048576,none,0.0,7,0.036497190000000006,0
1048576,none,0.0,8,0.03680017,0
1048576,none,0.0,9,0.03654538,0
1048576,none,0.0,10,0.036687718,0
1048576,none,0.0,11,0.036627194,0
1048576,none,0.0,12,0.036529530000000004,0
1048576,none,0.0,13,0.036725980000000005,0
1048576,none,0.0,14,0.036787376000000004,0
1048576,none,0.0,15,0.0380688,0
1048576,none,0.0,16,0.036586638000000005,0
1048576,none,0.0,17,0.037045712,0
1048576,none,0.0,18,0.036777548,0
1048576,none,0.0,19,0.037070749,0
1048576,none,0.0,20,0.036625671000000005,0
1048576,none,0.0,21,0.036740738,0
1048576,none,0.0,22,0.036758271,0
1048576,none,0.0,23,0.036788748,0
1048576,none,0.0,24,0.036594402000000005,0
1048576,none,0.0,25,0.036944882000000005,0
1048576,none,0.0,26,0.036550240000000005,0
1048576,none,0.0,27,0.037889713000000005,0
1048576,none,0.0,28,0.036611434000000005,0
1048576,none,0.0,29,0.036960462,0
1048576,none,0.0,30,0.037139349,0
1048576,none,0.0,31,0.036548265,0
1048576,none,0.0,32,0.03711372,0
1048576,none,0.0,33,0.036622245000000005,0
1048576,none,0.0,34,0.036894247000000005,0
1048576,none,0.0,35,0.036686826000000006,0
1048576,none,0.0,36,0.036512858,0
1048576,none,0.0,37,0.036817152,0
1048576,none,0.0,38,0.036952247,0
1048576,none,0.0,39,0.042249105,0
1048576,none,0.0,40,0.037200434000000004,0
1048576,simple,0.0,1,0.10237135300000001,699052
1048576,simple,0.0,2,0.10192387,699052
1048576,simple,0.0,3,0.102128326,699052
1048576,simple,0.0,4,0.104413581,699052
1048576,simple,0.0,5,0.10237206400000001,699052
1048576,simple,0.0,6,0.101965439,699052
1048576,simple,0.0,7,0.10217782900000001,699052
1048576,simple,0.0,8,0.101962042,699052
1048576,simple,0.0,9,0.10408400000000001,699052
1048576,simple,0.0,10,0.10186473900000001,699052
1048576,simple,0.0,11,0.10215305300000001,699052
1048576,simple,0.0,12,0.10115450000000001,699052
1048576,simple,0.0,13,0.101268015,699052
1048576,simple,0.0,14,0.102708669,699052
1048576,simple,0.0,15,0.101810306,699052
1048576,simple,0.0,16,0.101891519,699052
1048576,simple,0.0,17,0.101768808,699052
1048576,simple,0.0,18,0.10347410100000001,699052
1048576,simple,0.0,19,0.101649283,699052
1048576,simple,0.0,20,0.10180902400000001,699052
1048576,simple,0.0,21,0.10169198400000001,699052
1048576,simple,0.0,22,0.102430185,699052
1048576,simple,0.0,23,0.102554088,699052
1048576,simple,0.0,24,0.10229755400000001,699052
1048576,simple,0.0,25,0.10132840900000001,699052
1048576,simple,0.0,26,0.10114740700000001,699052
1048576,simple,0.0,27,0.10136905600000001,699052
1048576,simple,0.0,28,0.102699331,699052
1048576,simple,0.0,29,0.102534019,699052
1048576,simple,0.0,30,0.101461058,699052
1048576,simple,0.0,31,0.102355313,699052
1048576,simple,0.0,32,0.10308845500000001,699052
1048576,simple,0.0,33,0.10210425000000001,699052
1048576,simple,0.0,34,0.102247951,699052
1048576,simple,0.0,35,0.10196203200000001,699052
1048576,simple,0.0,36,0.10342565000000001,699052
1048576,simple,0.0,37,0.103841363,699052
1048576,simple,0.0,38,0.10466212000000001,699052
1048576,simple,0.0,39,0.099713536,699052
1048576,simple,0.0,40,0.10026245,699052
1048576,fine,0.001,1,0.052538681000000004,45
1048576,fine,0.001,2,0.053973053,46
1048576,fine,0.001,3,0.052378679000000004,45
1048576,fine,0.001,4,0.052231241000000005,45
1048576,fine,0.001,5,0.052392425000000006,45
1048576,fine,0.001,6,0.052314198000000006,44
1048576,fine,0.001,7,0.052300503000000005,45
1048576,fine,0.001,8,0.05223076,45
1048576,fine,0.001,9,0.052279102,45
1048576,fine,0.001,10,0.052261698,44
1048576,fine,0.001,11,0.05416257,47
1048576,fine,0.001,12,0.057509736000000006,50
1048576,fine,0.001,13,0.052947601000000004,46
1048576,fine,0.001,14,0.052729160000000004,45
1048576,fine,0.001,15,0.052652055,46
1048576,fine,0.001,16,0.052231973,45
1048576,fine,0.001,17,0.052345767,45
1048576,fine,0.001,18,0.052662014,45
1048576,fine,0.001,19,0.052085958,45
1048576,fine,0.001,20,0.053392619,46
1048576,fine,0.001,21,0.051905267000000005,45
1048576,fine,0.001,22,0.052455714,45
1048576,fine,0.001,23,0.052961758000000005,45
1048576,fine,0.001,24,0.052460022,46
1048576,fine,0.001,25,0.052395741,45
1048576,fine,0.001,26,0.052324688,45
1048576,fine,0.001,27,0.052750661000000004,45
1048576,fine,0.001,28,0.053731478000000006,46
1048576,fine,0.001,29,0.052601649,45
1048576,fine,0.001,30,0.052596199,45
1048576,fine,0.001,31,0.053197071000000005,46
1048576,fine,0.001,32,0.053266923,46
1048576,fine,0.001,33,0.052864304,45
1048576,fine,0.001,34,0.052422041,45
1048576,fine,0.001,35,0.052815422,45
1048576,fine,0.001,36,0.05262858,45
1048576,fine,0.001,37,0.054751289,47
1048576,fine,0.001,38,0.052780246,45
1048576,fine,0.001,39,0.053265961,46
1048576,fine,0.001,40,0.052498765,45
1048576,fine,0.002,1,0.052681199000000005,24
1048576,fine,0.002,2,0.052358441000000006,24
1048576,fine,0.002,3,0.052352600000000006,24
1048576,fine,0.002,4,0.052471133,24
1048576,fine,0.002,5,0.052105224000000006,23
1048576,fine,0.002,6,0.053147858000000006,24
1048576,fine,0.002,7,0.052004674,23
1048576,fine,0.002,8,0.052535335,24
1048576,fine,0.002,9,0.052725924,24
1048576,fine,0.002,10,0.052914078,24
1048576,fine,0.002,11,0.052748987000000004,24
1048576,fine,0.002,12,0.052679296,24
1048576,fine,0.002,13,0.052614213,24
1048576,fine,0.002,14,0.054100703,24
1048576,fine,0.002,15,0.053951923000000006,24
1048576,fine,0.002,16,0.052834197000000006,24
1048576,fine,0.002,17,0.052572775,24
1048576,fine,0.002,18,0.052521167,24
1048576,fine,0.002,19,0.052425267000000005,24
1048576,fine,0.002,20,0.052370785,24
1048576,fine,0.002,21,0.052860287000000006,24
1048576,fine,0.002,22,0.052486182000000006,23
1048576,fine,0.002,23,0.054837552000000005,25
1048576,fine,0.002,24,0.052301444,24
1048576,fine,0.002,25,0.052823658,24
1048576,fine,0.002,26,0.052513513000000005,24
1048576,fine,0.002,27,0.052866919000000005,24
1048576,fine,0.002,28,0.052644470000000006,24
1048576,fine,0.002,29,0.052805975000000005,24
1048576,fine,0.002,30,0.052918517000000005,24
1048576,fine,0.002,31,0.053407427,24
1048576,fine,0.002,32,0.052966877,24
1048576,fine,0.002,33,0.052078734,24
1048576,fine,0.002,34,0.052154507,24
1048576,fine,0.002,35,0.05214042,23
1048576,fine,0.002,36,0.052658276000000004,24
1048576,fine,0.002,37,0.052289902000000006,24
1048576,fine,0.002,38,0.052532329,24
1048576,fine,0.002,39,0.052465954,24
1048576,fine,0.002,40,0.05437442000000001,25
1048576,fine,0.005,1,0.052629101000000005,11
1048576,fine,0.005,2,0.052520617000000006,11
1048576,fine,0.005,3,0.052103411,10
1048576,fine,0.005,4,0.052215342000000005,10
1048576,fine,0.005,5,0.052281696,10
1048576,fine,0.005,6,0.052071631,10
1048576,fine,0.005,7,0.052779314,11
1048576,fine,0.005,8,0.052501160000000005,11
1048576,fine,0.005,9,0.054607017,11
1048576,fine,0.005,10,0.052188290000000005,10
1048576,fine,0.005,11,0.052631115000000006,11
1048576,fine,0.005,12,0.052301274,10
1048576,fine,0.005,13,0.05197916700000001,10
1048576,fine,0.005,14,0.051963297000000006,10
1048576,fine,0.005,15,0.052329877000000004,10
1048576,fine,0.005,16,0.05219005400000001,10
1048576,fine,0.005,17,0.052474149000000005,11
1048576,fine,0.005,18,0.052433613000000004,11
1048576,fine,0.005,19,0.05631316200000001,11
1048576,fine,0.005,20,0.052333885000000004,10
1048576,fine,0.005,21,0.052650772000000005,11
1048576,fine,0.005,22,0.052204531000000005,10
1048576,fine,0.005,23,0.05193876,10
1048576,fine,0.005,24,0.051756908000000004,10
1048576,fine,0.005,25,0.052286245,10
1048576,fine,0.005,26,0.053767285000000005,11
1048576,fine,0.005,27,0.05208857200000001,10
1048576,fine,0.005,28,0.053277743,11
1048576,fine,0.005,29,0.052050861000000004,10
1048576,fine,0.005,30,0.052103701,10
1048576,fine,0.005,31,0.051971703,10
1048576,fine,0.005,32,0.051941345,10
1048576,fine,0.005,33,0.052420378000000004,11
1048576,fine,0.005,34,0.053625028000000005,11
1048576,fine,0.005,35,0.054639508,11
1048576,fine,0.005,36,0.052446236,11
1048576,fine,0.005,37,0.052533331,11
1048576,fine,0.005,38,0.053333909000000006,11
1048576,fine,0.005,39,0.052826823,11
1048576,fine,0.005,40,0.052532249,11
1048576,fine,0.01,1,0.05258584,6
1048576,fine,0.01,2,0.052784043,6
1048576,fine,0.01,3,0.052237904,6
1048576,fine,0.01,4,0.053174950000000006,6
1048576,fine,0.01,5,0.052536256,6
1048576,fine,0.01,6,0.052695456,6
1048576,fine,0.01,7,0.052492864,6
1048576,fine,0.01,8,0.052268251,6
1048576,fine,0.01,9,0.052619874000000004,6
1048576,fine,0.01,10,0.052459481,6
1048576,fine,0.01,11,0.052538901000000006,6
1048576,fine,0.01,12,0.054344683000000005,6
1048576,fine,0.01,13,0.052774875000000006,6
1048576,fine,0.01,14,0.052412483,6
1048576,fine,0.01,15,0.052475111000000005,6
1048576,fine,0.01,16,0.052410359000000004,6
1048576,fine,0.01,17,0.052306483,6
1048576,fine,0.01,18,0.052468017000000006,6
1048576,fine,0.01,19,0.052431549,6
1048576,fine,0.01,20,0.052402454,6
1048576,fine,0.01,21,0.053870781000000006,6
1048576,fine,0.01,22,0.052230761,6
1048576,fine,0.01,23,0.052847162,6
1048576,fine,0.01,24,0.052627037,6
1048576,fine,0.01,25,0.052683463,6
1048576,fine,0.01,26,0.052550564,6
1048576,fine,0.01,27,0.052900723000000004,6
1048576,fine,0.01,28,0.052998788000000005,6
1048576,fine,0.01,29,0.052628009,6
1048576,fine,0.01,30,0.053052639000000006,6
1048576,fine,0.01,31,0.052526307,6
1048576,fine,0.01,32,0.052473127,6
1048576,fine,0.01,33,0.052140701000000005,6
1048576,fine,0.01,34,0.052551825,6
1048576,fine,0.01,35,0.052818888,6
1048576,fine,0.01,36,0.052894631000000004,6
1048576,fine,0.01,37,0.052831062000000005,6
1048576,fine,0.01,38,0.054278779000000006,6
1048576,fine,0.01,39,0.052937001000000004,6
1048576,fine,0.01,40,0.052902977000000004,6
1048576,coarse,0.001,1,0.041393744,35
1048576,coarse,0.001,2,0.041785532,36
1048576,coarse,0.001,3,0.041895219000000004,36
1048576,coarse,0.001,4,0.041130488,35
1048576,coarse,0.001,5,0.040852204,35
1048576,coarse,0.001,6,0.041509252,35
1048576,coarse,0.001,7,0.041590685,36
1048576,coarse,0.001,8,0.043079730000000004,37
1048576,coarse,0.001,9,0.041262035,35
1048576,coarse,0.001,10,0.040865379,35
1048576,coarse,0.001,11,0.041682238,36
1048576,coarse,0.001,12,0.041506737,35
1048576,coarse,0.001,13,0.041189068,35
1048576,coarse,0.001,14,0.041015,34
1048576,coarse,0.001,15,0.040954417,34
1048576,coarse,0.001,16,0.041654154000000006,35
1048576,coarse,0.001,17,0.041792926,36
1048576,coarse,0.001,18,0.041133464,35
1048576,coarse,0.001,19,0.042592573,36
1048576,coarse,0.001,20,0.041183608000000003,35
1048576,coarse,0.001,21,0.041518159000000006,35
1048576,coarse,0.001,22,0.041624138000000005,36
1048576,coarse,0.001,23,0.040782883000000006,34
1048576,coarse,0.001,24,0.040951621,34
1048576,coarse,0.001,25,0.041493682000000004,35
1048576,coarse,0.001,26,0.041613328000000005,35
1048576,coarse,0.001,27,0.041100542000000004,34
1048576,coarse,0.001,28,0.040751103000000004,34
1048576,coarse,0.001,29,0.041205019,35
1048576,coarse,0.001,30,0.043422406000000004,37
1048576,coarse,0.001,31,0.041438408,35
1048576,coarse,0.001,32,0.046789249000000005,40
1048576,coarse,0.001,33,0.041214657,35
1048576,coarse,0.001,34,0.040988762000000005,35
1048576,coarse,0.001,35,0.041306470000000005,35
1048576,coarse,0.001,36,0.041768139,35
1048576,coarse,0.001,37,0.041518479000000004,35
1048576,coarse,0.001,38,0.041082848000000005,35
1048576,coarse,0.001,39,0.04112099,35
1048576,coarse,0.001,40,0.041382673,35
1048576,coarse,0.002,1,0.041919214,19
1048576,coarse,0.002,2,0.041266905,18
1048576,coarse,0.002,3,0.041042793,18
1048576,coarse,0.002,4,0.040985085000000004,18
1048576,coarse,0.002,5,0.041549207000000005,19
1048576,coarse,0.002,6,0.041377845,19
1048576,coarse,0.002,7,0.040867743000000005,18
1048576,coarse,0.002,8,0.040972270000000005,18
1048576,coarse,0.002,9,0.041469146000000005,19
1048576,coarse,0.002,10,0.041562502,19
1048576,coarse,0.002,11,0.042752093000000005,19
1048576,coarse,0.002,12,0.041201231000000005,19
1048576,coarse,0.002,13,0.040769498,19
1048576,coarse,0.002,14,0.041648384000000004,19
1048576,coarse,0.002,15,0.041490617,19
1048576,coarse,0.002,16,0.041111542,19
1048576,coarse,0.002,17,0.040930582,19
1048576,coarse,0.002,18,0.041644997,19
1048576,coarse,0.002,19,0.041827031,19
1048576,coarse,0.002,20,0.041151988,18
1048576,coarse,0.002,21,0.041013367,18
1048576,coarse,0.002,22,0.042803310000000004,19
1048576,coarse,0.002,23,0.041440643,19
1048576,coarse,0.002,24,0.041682198000000004,19
1048576,coarse,0.002,25,0.041223824,19
1048576,coarse,0.002,26,0.040586955,18
1048576,coarse,0.002,27,0.041093829000000005,18
1048576,coarse,0.002,28,0.0419652,19
1048576,coarse,0.002,29,0.041892534,19
1048576,coarse,0.002,30,0.041594312,19
1048576,coarse,0.002,31,0.04123219,19
1048576,coarse,0.002,32,0.041830447,19
1048576,coarse,0.002,33,0.043745114,20
1048576,coarse,0.002,34,0.041847669000000004,19
1048576,coarse,0.002,35,0.041336516000000004,19
1048576,coarse,0.002,36,0.04151908,19
1048576,coarse,0.002,37,0.041272035000000006,19
1048576,coarse,0.002,38,0.041966683000000005,19
1048576,coarse,0.002,39,0.041865573,19
1048576,coarse,0.002,40,0.040957061,19
1048576,coarse,0.005,1,0.041099851,8
1048576,coarse,0.005,2,0.041940243,9
1048576,coarse,0.005,3,0.041784019000000006,9
1048576,coarse,0.005,4,0.042114172000000005,9
1048576,coarse,0.005,5,0.041081255000000004,8
1048576,coarse,0.005,6,0.041108116,8
1048576,coarse,0.005,7,0.041507027,9
1048576,coarse,0.005,8,0.041571079000000004,8
1048576,coarse,0.005,9,0.041207513,8
1048576,coarse,0.005,10,0.041228773,8
1048576,coarse,0.005,11,0.041339092,8
1048576,coarse,0.005,12,0.041870412,9
1048576,coarse,0.005,13,0.041660697000000003,8
1048576,coarse,0.005,14,0.042530807000000004,9
1048576,coarse,0.005,15,0.041323442,8
1048576,coarse,0.005,16,0.041030910000000004,8
1048576,coarse,0.005,17,0.041916800000000004,8
1048576,coarse,0.005,18,0.041755886000000006,9
1048576,coarse,0.005,19,0.041116732,8
1048576,coarse,0.005,20,0.040986437,8
1048576,coarse,0.005,21,0.041601396000000006,8
1048576,coarse,0.005,22,0.041846447,8
1048576,coarse,0.005,23,0.041545971,8
1048576,coarse,0.005,24,0.041291942000000005,8
1048576,coarse,0.005,25,0.042970494000000005,9
1048576,coarse,0.005,26,0.041707095,9
1048576,coarse,0.005,27,0.041800861,8
1048576,coarse,0.005,28,0.042981315000000006,9
1048576,coarse,0.005,29,0.041154904,8
1048576,coarse,0.005,30,0.041205329000000006,8
1048576,coarse,0.005,31,0.04148215,8
1048576,coarse,0.005,32,0.041484535,8
1048576,coarse,0.005,33,0.041196433000000005,8
1048576,coarse,0.005,34,0.04115797,8
1048576,coarse,0.005,35,0.040841193000000005,8
1048576,coarse,0.005,36,0.042864715000000005,9
1048576,coarse,0.005,37,0.041614831000000005,8
1048576,coarse,0.005,38,0.041561039,8
1048576,coarse,0.005,39,0.041201663,8
1048576,coarse,0.005,40,0.041150536,8
1048576,coarse,0.01,1,0.041484916000000004,5
1048576,coarse,0.01,2,0.041603389000000005,5
1048576,coarse,0.01,3,0.041033776,4
1048576,coarse,0.01,4,0.041153411,4
1048576,coarse,0.01,5,0.042045111,5
1048576,coarse,0.01,6,0.041750987,5
1048576,coarse,0.01,7,0.041880681,5
1048576,coarse,0.01,8,0.041156156,4
1048576,coarse,0.01,9,0.040998409,4
1048576,coarse,0.01,10,0.041474326000000006,5
1048576,coarse,0.01,11,0.041803235,5
1048576,coarse,0.01,12,0.040933407000000005,4
1048576,coarse,0.01,13,0.040602043000000004,4
1048576,coarse,0.01,14,0.041238131000000004,4
1048576,coarse,0.01,15,0.041482281,5
1048576,coarse,0.01,16,0.041415385000000006,5
1048576,coarse,0.01,17,0.042382197,5
1048576,coarse,0.01,18,0.040798673,4
1048576,coarse,0.01,19,0.041692637000000005,5
1048576,coarse,0.01,20,0.045472048,5
1048576,coarse,0.01,21,0.041642303000000006,5
1048576,coarse,0.01,22,0.041224155000000005,4
1048576,coarse,0.01,23,0.040691882000000006,4
1048576,coarse,0.01,24,0.040980085,4
1048576,coarse,0.01,25,0.041716202,5
1048576,coarse,0.01,26,0.041327018,5
1048576,coarse,0.01,27,0.040953524000000005,4
1048576,coarse,0.01,28,0.042330028000000006,5
1048576,coarse,0.01,29,0.041501437,5
1048576,coarse,0.01,30,0.041559627,5
1048576,coarse,0.01,31,0.041308253,5
1048576,coarse,0.01,32,0.041251005,5
1048576,coarse,0.01,33,0.041371082,4
1048576,coarse,0.01,34,0.042233146,5
1048576,coarse,0.01,35,0.042093613,5
1048576,coarse,0.01,36,0.041760485,5
1048576,coarse,0.01,37,0.041559907,5
1048576,coarse,0.01,38,0.041227721,4
1048576,coarse,0.01,39,0.043109566,5
1048576,coarse,0.01,40,0.041860584,5
2097152,none,0.0,1,0.13139358,0
2097152,none,0.0,2,0.130633378,0
2097152,none,0.0,3,0.129669171,0
2097152,none,0.0,4,0.12925437,0
2097152,none,0.0,5,0.12932365,0
2097152,none,0.0,6,0.128755951,0
2097152,none,0.0,7,0.129680934,0
2097152,none,0.0,8,0.129383403,0
2097152,none,0.0,9,0.128865518,0
2097152,none,0.0,10,0.129792234,0
2097152,none,0.0,11,0.129347826,0
2097152,none,0.0,12,0.12887932400000002,0
2097152,none,0.0,13,0.12941849900000002,0
2097152,none,0.0,14,0.130121955,0
2097152,none,0.0,15,0.129079039,0
2097152,none,0.0,16,0.127924284,0
2097152,none,0.0,17,0.128357941,0
2097152,none,0.0,18,0.129316016,0
2097152,none,0.0,19,0.128296175,0
2097152,none,0.0,20,0.12801880200000001,0
2097152,none,0.0,21,0.12858086200000002,0
2097152,none,0.0,22,0.128221584,0
2097152,none,0.0,23,0.128172121,0
2097152,none,0.0,24,0.12790099000000002,0
2097152,none,0.0,25,0.12906294000000001,0
2097152,none,0.0,26,0.128070028,0
2097152,none,0.0,27,0.12794075500000002,0
2097152,none,0.0,28,0.128117218,0
2097152,none,0.0,29,0.12834066900000002,0
2097152,none,0.0,30,0.128871388,0
2097152,none,0.0,31,0.12820341000000002,0
2097152,none,0.0,32,0.128751272,0
2097152,none,0.0,33,0.127573203,0
2097152,none,0.0,34,0.127515694,0
2097152,none,0.0,35,0.12786372000000001,0
2097152,none,0.0,36,0.128295504,0
2097152,none,0.0,37,0.127595745,0
2097152,none,0.0,38,0.127484706,0
2097152,none,0.0,39,0.128130493,0
2097152,none,0.0,40,0.12798805500000002,0
2097152,simple,0.0,1,0.423669285,2796204
2097152,simple,0.0,2,0.419119163,2796204
2097152,simple,0.0,3,0.41942708300000003,2796204
2097152,simple,0.0,4,0.41939696600000004,2796204
2097152,simple,0.0,5,0.41973654600000004,2796204
2097152,simple,0.0,6,0.42288549900000005,2796204
2097152,simple,0.0,7,0.42179137800000005,2796204
2097152,simple,0.0,8,0.42757064600000005,2796204
2097152,simple,0.0,9,0.42960033900000005,2796204
2097152,simple,0.0,10,0.426454072,2796204
2097152,simple,0.0,11,0.42381070200000004,2796204
2097152,simple,0.0,12,0.42406951000000004,2796204
2097152,simple,0.0,13,0.42030685100000004,2796204
2097152,simple,0.0,14,0.421747796,2796204
2097152,simple,0.0,15,0.42304585100000003,2796204
2097152,simple,0.0,16,0.423501469,2796204
2097152,simple,0.0,17,0.42412902100000005,2796204
2097152,simple,0.0,18,0.42537372700000003,2796204
2097152,simple,0.0,19,0.423019682,2796204
2097152,simple,0.0,20,0.42440828700000005,2796204
2097152,simple,0.0,21,0.42452981700000003,2796204
2097152,simple,0.0,22,0.41606219400000005,2796204
2097152,simple,0.0,23,0.417144063,2796204
2097152,simple,0.0,24,0.415703588,2796204
2097152,simple,0.0,25,0.42483733700000004,2796204
2097152,simple,0.0,26,0.41953872400000003,2796204
2097152,simple,0.0,27,0.421615165,2796204
2097152,simple,0.0,28,0.41871369900000005,2796204
2097152,simple,0.0,29,0.418689564,2796204
2097152,simple,0.0,30,0.42542161700000003,2796204
2097152,simple,0.0,31,0.421209541,2796204
2097152,simple,0.0,32,0.420812373,2796204
2097152,simple,0.0,33,0.418091527,2796204
2097152,simple,0.0,34,0.41899163300000003,2796204
2097152,simple,0.0,35,0.421776119,2796204
2097152,simple,0.0,36,0.42165466,2796204
2097152,simple,0.0,37,0.41916735400000005,2796204
2097152,simple,0.0,38,0.417574002,2796204
2097152,simple,0.0,39,0.41868520600000003,2796204
2097152,simple,0.0,40,0.416910172,2796204
2097152,fine,0.001,1,0.24012232100000003,221
2097152,fine,0.001,2,0.23951422500000003,220
2097152,fine,0.001,3,0.24008605200000002,220
2097152,fine,0.001,4,0.23947906900000002,220
2097152,fine,0.001,5,0.24069508,221
2097152,fine,0.001,6,0.240373304,220
2097152,fine,0.001,7,0.24011009800000002,220
2097152,fine,0.001,8,0.240432325,220
2097152,fine,0.001,9,0.24104285500000003,222
2097152,fine,0.001,10,0.23928072500000003,220
2097152,fine,0.001,11,0.23990186500000002,221
2097152,fine,0.001,12,0.239263784,219
2097152,fine,0.001,13,0.24046006700000003,221
2097152,fine,0.001,14,0.24004214000000001,220
2097152,fine,0.001,15,0.24054089,221
2097152,fine,0.001,16,0.23963003300000002,220
2097152,fine,0.001,17,0.24042451,220
2097152,fine,0.001,18,0.23991392800000003,220
2097152,fine,0.001,19,0.241538519,221
2097152,fine,0.001,20,0.239329797,220
2097152,fine,0.001,21,0.240492158,221
2097152,fine,0.001,22,0.23960423500000003,220
2097152,fine,0.001,23,0.240649303,221
2097152,fine,0.001,24,0.239364443,220
2097152,fine,0.001,25,0.24061162200000002,221
2097152,fine,0.001,26,0.239295744,219
2097152,fine,0.001,27,0.240990857,221
2097152,fine,0.001,28,0.239456296,221
2097152,fine,0.001,29,0.241486741,221
2097152,fine,0.001,30,0.240383643,221
2097152,fine,0.001,31,0.241315668,222
2097152,fine,0.001,32,0.23990953,221
2097152,fine,0.001,33,0.241080335,222
2097152,fine,0.001,34,0.240348948,222
2097152,fine,0.001,35,0.24236648900000002,222
2097152,fine,0.001,36,0.2407324,221
2097152,fine,0.001,37,0.240927318,220
2097152,fine,0.001,38,0.23983778500000003,220
2097152,fine,0.001,39,0.24063694000000002,221
2097152,fine,0.001,40,0.239832294,221
2097152,fine,0.002,1,0.240672877,113
2097152,fine,0.002,2,0.23963149500000003,112
2097152,fine,0.002,3,0.239461215,112
2097152,fine,0.002,4,0.238744114,112
2097152,fine,0.002,5,0.24015071400000002,113
2097152,fine,0.002,6,0.24255368100000002,113
2097152,fine,0.002,7,0.24048534400000002,112
2097152,fine,0.002,8,0.23877567400000002,112
2097152,fine,0.002,9,0.239912696,112
2097152,fine,0.002,10,0.23913149400000003,112
2097152,fine,0.002,11,0.240332967,112
2097152,fine,0.002,12,0.23948244500000002,112
2097152,fine,0.002,13,0.240414651,113
2097152,fine,0.002,14,0.23901417300000002,112
2097152,fine,0.002,15,0.23988498400000002,112
2097152,fine,0.002,16,0.23884898200000002,112
2097152,fine,0.002,17,0.24008785600000002,113
2097152,fine,0.002,18,0.23878806700000002,111
2097152,fine,0.002,19,0.241289099,113
2097152,fine,0.002,20,0.23989811800000002,112
2097152,fine,0.002,21,0.2417514,113
2097152,fine,0.002,22,0.24061106200000001,113
2097152,fine,0.002,23,0.24115823200000003,113
2097152,fine,0.002,24,0.240209685,113
2097152,fine,0.002,25,0.241475139,113
2097152,fine,0.002,26,0.24187925000000002,113
2097152,fine,0.002,27,0.24112891700000003,113
2097152,fine,0.002,28,0.240112382,112
2097152,fine,0.002,29,0.241087128,112
2097152,fine,0.002,30,0.23986521600000002,112
2097152,fine,0.002,31,0.24054517700000003,112
2097152,fine,0.002,32,0.239715584,112
2097152,fine,0.002,33,0.24076951000000002,112
2097152,fine,0.002,34,0.240101321,112
2097152,fine,0.002,35,0.240103425,112
2097152,fine,0.002,36,0.23944832100000002,112
2097152,fine,0.002,37,0.24060456900000002,112
2097152,fine,0.002,38,0.23916716100000002,112
2097152,fine,0.002,39,0.240086773,112
2097152,fine,0.002,40,0.23923014,112
2097152,fine,0.005,1,0.239801546,46
2097152,fine,0.005,2,0.23929274700000003,46
2097152,fine,0.005,3,0.23996477400000002,46
2097152,fine,0.005,4,0.23922146300000002,46
2097152,fine,0.005,5,0.24056059600000002,46
2097152,fine,0.005,6,0.240687846,46
2097152,fine,0.005,7,0.241014832,47
2097152,fine,0.005,8,0.240126629,46
2097152,fine,0.005,9,0.24043542,46
2097152,fine,0.005,10,0.23950647000000003,46
2097152,fine,0.005,11,0.24056252,46
2097152,fine,0.005,12,0.239778864,46
2097152,fine,0.005,13,0.24039670700000002,46
2097152,fine,0.005,14,0.239591991,46
2097152,fine,0.005,15,0.237756394,46
2097152,fine,0.005,16,0.235910746,46
2097152,fine,0.005,17,0.236062492,46
2097152,fine,0.005,18,0.23604174300000003,46
2097152,fine,0.005,19,0.236471002,46
2097152,fine,0.005,20,0.235359949,46
2097152,fine,0.005,21,0.236761609,46
2097152,fine,0.005,22,0.23403147600000002,45
2097152,fine,0.005,23,0.23735016800000003,46
2097152,fine,0.005,24,0.23522382200000003,45
2097152,fine,0.005,25,0.23235809300000002,45
2097152,fine,0.005,26,0.23194429300000002,45
2097152,fine,0.005,27,0.23073290100000002,44
2097152,fine,0.005,28,0.228210299,44
2097152,fine,0.005,29,0.229133829,44
2097152,fine,0.005,30,0.226691568,44
2097152,fine,0.005,31,0.229068615,44
2097152,fine,0.005,32,0.227754009,44
2097152,fine,0.005,33,0.23057776900000002,45
2097152,fine,0.005,34,0.22827396900000002,44
2097152,fine,0.005,35,0.236307133,46
2097152,fine,0.005,36,0.233491458,45
2097152,fine,0.005,37,0.233187786,45
2097152,fine,0.005,38,0.23319694300000002,45
2097152,fine,0.005,39,0.23423036100000003,45
2097152,fine,0.005,40,0.23279802200000002,45
2097152,fine,0.01,1,0.234126564,23
2097152,fine,0.01,2,0.23495842200000003,23
2097152,fine,0.01,3,0.234419707,23
2097152,fine,0.01,4,0.23551529100000002,24
2097152,fine,0.01,5,0.233943911,23
2097152,fine,0.01,6,0.239631586,24
2097152,fine,0.01,7,0.237012201,24
2097152,fine,0.01,8,0.23537876400000002,24
2097152,fine,0.01,9,0.234616598,23
2097152,fine,0.01,10,0.234481914,23
2097152,fine,0.01,11,0.233971493,23
2097152,fine,0.01,12,0.234413996,23
2097152,fine,0.01,13,0.233916168,23
2097152,fine,0.01,14,0.23433720100000002,23
2097152,fine,0.01,15,0.23324289,23
2097152,fine,0.01,16,0.23613672200000002,24
2097152,fine,0.01,17,0.23435069700000002,23
2097152,fine,0.01,18,0.234684215,23
2097152,fine,0.01,19,0.22797308200000002,23
2097152,fine,0.01,20,0.22984636100000003,23
2097152,fine,0.01,21,0.22805556700000001,23
2097152,fine,0.01,22,0.228909035,23
2097152,fine,0.01,23,0.22637945,23
2097152,fine,0.01,24,0.22924053900000002,23
2097152,fine,0.01,25,0.22814035700000002,23
2097152,fine,0.01,26,0.23001910700000003,23
2097152,fine,0.01,27,0.22719422400000003,23
2097152,fine,0.01,28,0.23484976700000001,23
2097152,fine,0.01,29,0.237394652,24
2097152,fine,0.01,30,0.23690559000000003,24
2097152,fine,0.01,31,0.23549989200000002,24
2097152,fine,0.01,32,0.235445169,24
2097152,fine,0.01,33,0.235072988,24
2097152,fine,0.01,34,0.23562834400000002,24
2097152,fine,0.01,35,0.23492177300000003,23
2097152,fine,0.01,36,0.23547915300000002,24
2097152,fine,0.01,37,0.23591414200000002,24
2097152,fine,0.01,38,0.23623874500000003,24
2097152,fine,0.01,39,0.23605673200000002,24
2097152,fine,0.01,40,0.23575805800000002,24
2097152,coarse,0.001,1,0.192680662,176
2097152,coarse,0.001,2,0.195840806,181
2097152,coarse,0.001,3,0.19569364900000003,180
2097152,coarse,0.001,4,0.19517014200000002,176
2097152,coarse,0.001,5,0.195623757,180
2097152,coarse,0.001,6,0.195333641,179
2097152,coarse,0.001,7,0.19526374900000001,178
2097152,coarse,0.001,8,0.19651400500000002,180
2097152,coarse,0.001,9,0.19515881100000002,180
2097152,coarse,0.001,10,0.197226476,182
2097152,coarse,0.001,11,0.196177179,180
2097152,coarse,0.001,12,0.19534452100000002,180
2097152,coarse,0.001,13,0.19569523100000003,180
2097152,coarse,0.001,14,0.19556130000000002,179
2097152,coarse,0.001,15,0.19644234000000002,180
2097152,coarse,0.001,16,0.19517220600000001,180
2097152,coarse,0.001,17,0.195579634,180
2097152,coarse,0.001,18,0.196904871,180
2097152,coarse,0.001,19,0.195029999,179
2097152,coarse,0.001,20,0.19636339,181
2097152,coarse,0.001,21,0.195176374,178
2097152,coarse,0.001,22,0.194925391,177
2097152,coarse,0.001,23,0.19592841100000002,180
2097152,coarse,0.001,24,0.19508091400000002,178
2097152,coarse,0.001,25,0.19705915200000002,181
2097152,coarse,0.001,26,0.19615854500000002,180
2097152,coarse,0.001,27,0.196480221,180
2097152,coarse,0.001,28,0.197069611,182
2097152,coarse,0.001,29,0.196227224,180
2097152,coarse,0.001,30,0.19660701,179
2097152,coarse,0.001,31,0.195954119,179
2097152,coarse,0.001,32,0.196873191,182
2097152,coarse,0.001,33,0.19632497100000001,181
2097152,coarse,0.001,34,0.19746991700000002,181
2097152,coarse,0.001,35,0.19679547900000002,180
2097152,coarse,0.001,36,0.19614846100000002,178
2097152,coarse,0.001,37,0.196100411,180
2097152,coarse,0.001,38,0.196449632,181
2097152,coarse,0.001,39,0.197568282,182
2097152,coarse,0.001,40,0.196120819,181
2097152,coarse,0.002,1,0.196058851,91
2097152,coarse,0.002,2,0.196464501,91
2097152,coarse,0.002,3,0.195599662,91
2097152,coarse,0.002,4,0.196384058,92
2097152,coarse,0.002,5,0.195696856,92
2097152,coarse,0.002,6,0.19590179400000002,91
2097152,coarse,0.002,7,0.19784087900000003,92
2097152,coarse,0.002,8,0.197347354,91
2097152,coarse,0.002,9,0.19658350600000002,92
2097152,coarse,0.002,10,0.19523052200000002,91
2097152,coarse,0.002,11,0.19534948800000002,91
2097152,coarse,0.002,12,0.19633386300000003,91
2097152,coarse,0.002,13,0.195679493,92
2097152,coarse,0.002,14,0.19691846100000002,91
2097152,coarse,0.002,15,0.19652204,92
2097152,coarse,0.002,16,0.197031124,91
2097152,coarse,0.002,17,0.19656204600000002,91
2097152,coarse,0.002,18,0.197157554,92
2097152,coarse,0.002,19,0.197253275,92
2097152,coarse,0.002,20,0.196372827,92
2097152,coarse,0.002,21,0.19759010500000002,92
2097152,coarse,0.002,22,0.19627228600000002,91
2097152,coarse,0.002,23,0.19650038900000003,91
2097152,coarse,0.002,24,0.19632801200000002,91
2097152,coarse,0.002,25,0.19590484000000002,91
2097152,coarse,0.002,26,0.196174552,91
2097152,coarse,0.002,27,0.19741260700000002,92
2097152,coarse,0.002,28,0.19814202,93
2097152,coarse,0.002,29,0.19675488100000002,92
2097152,coarse,0.002,30,0.19851165,92
2097152,coarse,0.002,31,0.198789407,93
2097152,coarse,0.002,32,0.197436252,92
2097152,coarse,0.002,33,0.19733235500000001,92
2097152,coarse,0.002,34,0.197217107,92
2097152,coarse,0.002,35,0.196598885,92
2097152,coarse,0.002,36,0.198294469,92
2097152,coarse,0.002,37,0.2032862,95
2097152,coarse,0.002,38,0.197816142,92
2097152,coarse,0.002,39,0.19512214700000002,90
2097152,coarse,0.002,40,0.195170789,91
2097152,coarse,0.005,1,0.19525418700000002,38
2097152,coarse,0.005,2,0.195474204,38
2097152,coarse,0.005,3,0.200657989,39
2097152,coarse,0.005,4,0.19598005300000002,38
2097152,coarse,0.005,5,0.19691738900000003,38
2097152,coarse,0.005,6,0.19597931100000002,38
2097152,coarse,0.005,7,0.197084596,38
2097152,coarse,0.005,8,0.197026356,38
2097152,coarse,0.005,9,0.1960899,38
2097152,coarse,0.005,10,0.197134511,38
2097152,coarse,0.005,11,0.196505809,38
2097152,coarse,0.005,12,0.196206172,38
2097152,coarse,0.005,13,0.19665480100000002,38
2097152,coarse,0.005,14,0.19626231800000002,38
2097152,coarse,0.005,15,0.197471159,38
2097152,coarse,0.005,16,0.197479585,38
2097152,coarse,0.005,17,0.198929513,38
2097152,coarse,0.005,18,0.19800562200000002,38
2097152,coarse,0.005,19,0.196616238,38
2097152,coarse,0.005,20,0.19839507,38
2097152,coarse,0.005,21,0.196927388,38
2097152,coarse,0.005,22,0.19791322600000003,38
2097152,coarse,0.005,23,0.197028309,38
2097152,coarse,0.005,24,0.197214412,38
2097152,coarse,0.005,25,0.198200972,38
2097152,coarse,0.005,26,0.19678999800000002,38
2097152,coarse,0.005,27,0.199802587,39
2097152,coarse,0.005,28,0.197027939,38
2097152,coarse,0.005,29,0.20069984800000001,39
2097152,coarse,0.005,30,0.19666749500000003,38
2097152,coarse,0.005,31,0.196135837,38
2097152,coarse,0.005,32,0.198703554,38
2097152,coarse,0.005,33,0.196686462,38
2097152,coarse,0.005,34,0.196373298,38
2097152,coarse,0.005,35,0.19649654200000002,38
2097152,coarse,0.005,36,0.196228012,38
2097152,coarse,0.005,37,0.196911317,38
2097152,coarse,0.005,38,0.19645040400000002,38
2097152,coarse,0.005,39,0.197531754,38
2097152,coarse,0.005,40,0.196132301,38
2097152,coarse,0.01,1,0.196623823,20
2097152,coarse,0.01,2,0.19632806200000003,20
2097152,coarse,0.01,3,0.19596121700000002,20
2097152,coarse,0.01,4,0.20375626100000002,20
2097152,coarse,0.01,5,0.199952962,20
2097152,coarse,0.01,6,0.20118286300000002,20
2097152,coarse,0.01,7,0.20116531,20
2097152,coarse,0.01,8,0.20275328,20
2097152,coarse,0.01,9,0.20024570800000002,20
2097152,coarse,0.01,10,0.19707964700000002,20
2097152,coarse,0.01,11,0.196054053,20
2097152,coarse,0.01,12,0.195025734,20
2097152,coarse,0.01,13,0.19429069000000002,20
2097152,coarse,0.01,14,0.196200491,20
2097152,coarse,0.01,15,0.19305302500000002,19
2097152,coarse,0.01,16,0.193987877,19
2097152,coarse,0.01,17,0.19277754300000002,19
2097152,coarse,0.01,18,0.193039589,19
2097152,coarse,0.01,19,0.1925857,19
2097152,coarse,0.01,20,0.192892641,19
2097152,coarse,0.01,21,0.19468098,20
2097152,coarse,0.01,22,0.195205033,20
2097152,coarse,0.01,23,0.19335643000000002,19
2097152,coarse,0.01,24,0.191731871,19
2097152,coarse,0.01,25,0.19075303600000001,19
2097152,coarse,0.01,26,0.192107052,19
2097152,coarse,0.01,27,0.19134220300000002,19
2097152,coarse,0.01,28,0.19197080400000002,19
2097152,coarse,0.01,29,0.19310325,19
2097152,coarse,0.01,30,0.19190710300000002,19
2097152,coarse,0.01,31,0.19784030800000002,20
2097152,coarse,0.01,32,0.197528848,20
2097152,coarse,0.01,33,0.19695704400000003,20
2097152,coarse,0.01,34,0.197866658,20
2097152,coarse,0.01,35,0.19692274,20
2097152,coarse,0.01,36,0.197344709,20
2097152,coarse,0.01,37,0.196985969,20
2097152,coarse,0.01,38,0.198232492,20
2097152,coarse,0.01,39,0.19752551200000001,20
2097152,coarse,0.01,40,0.197708769,20
4194304,none,0.0,1,0.327716538,0
4194304,none,0.0,2,0.331624333,0
4194304,none,0.0,3,0.328337945,0
4194304,none,0.0,4,0.331031409,0
4194304,none,0.0,5,0.32773383,0
4194304,none,0.0,6,0.33174247700000004,0
4194304,none,0.0,7,0.32763202700000005,0
4194304,none,0.0,8,0.331614405,0
4194304,none,0.0,9,0.32814770400000004,0
4194304,none,0.0,10,0.33202054400000003,0
4194304,none,0.0,11,0.32782755700000005,0
4194304,none,0.0,12,0.33259718800000004,0
4194304,none,0.0,13,0.328040221,0
4194304,none,0.0,14,0.331778836,0
4194304,none,0.0,15,0.32746779600000003,0
4194304,none,0.0,16,0.331388416,0
4194304,none,0.0,17,0.32760588700000004,0
4194304,none,0.0,18,0.331210769,0
4194304,none,0.0,19,0.328264275,0
4194304,none,0.0,20,0.331238633,0
4194304,none,0.0,21,0.32782879000000004,0
4194304,none,0.0,22,0.331614043,0
4194304,none,0.0,23,0.328366058,0
4194304,none,0.0,24,0.33105243900000003,0
4194304,none,0.0,25,0.32856861200000004,0
4194304,none,0.0,26,0.33243614200000005,0
4194304,none,0.0,27,0.327926135,0
4194304,none,0.0,28,0.331576833,0
4194304,none,0.0,29,0.327650502,0
4194304,none,0.0,30,0.33140626,0
4194304,none,0.0,31,0.328281879,0
4194304,none,0.0,32,0.33156577200000004,0
4194304,none,0.0,33,0.32891385700000003,0
4194304,none,0.0,34,0.331674819,0
4194304,none,0.0,35,0.328076659,0
4194304,none,0.0,36,0.331464971,0
4194304,none,0.0,37,0.32792414000000003,0
4194304,none,0.0,38,0.331301561,0
4194304,none,0.0,39,0.32798209100000003,0
4194304,none,0.0,40,0.33164533300000004,0
4194304,simple,0.0,1,0.619590904,2796204
4194304,simple,0.0,2,0.626708724,2796204
4194304,simple,0.0,3,0.623913947,2796204
4194304,simple,0.0,4,0.6265427490000001,2796204
4194304,simple,0.0,5,0.622113856,2796204
4194304,simple,0.0,6,0.626539563,2796204
4194304,simple,0.0,7,0.620953767,2796204
4194304,simple,0.0,8,0.624809625,2796204
4194304,simple,0.0,9,0.6204906600000001,2796204
4194304,simple,0.0,10,0.6241894290000001,2796204
4194304,simple,0.0,11,0.619513037,2796204
4194304,simple,0.0,12,0.6249603410000001,2796204
4194304,simple,0.0,13,0.619768901,2796204
4194304,simple,0.0,14,0.628150687,2796204
4194304,simple,0.0,15,0.618632638,2796204
4194304,simple,0.0,16,0.621289964,2796204
4194304,simple,0.0,17,0.616879485,2796204
4194304,simple,0.0,18,0.619333275,2796204
4194304,simple,0.0,19,0.6247649700000001,2796204
4194304,simple,0.0,20,0.6294960460000001,2796204
4194304,simple,0.0,21,0.626868497,2796204
4194304,simple,0.0,22,0.629532686,2796204
4194304,simple,0.0,23,0.625320914,2796204
4194304,simple,0.0,24,0.630337702,2796204
4194304,simple,0.0,25,0.6247044350000001,2796204
4194304,simple,0.0,26,0.62898052,2796204
4194304,simple,0.0,27,0.6253098930000001,2796204
4194304,simple,0.0,28,0.6295749860000001,2796204
4194304,simple,0.0,29,0.625917284,2796204
4194304,simple,0.0,30,0.631054238,2796204
4194304,simple,0.0,31,0.625225932,2796204
4194304,simple,0.0,32,0.6298881390000001,2796204
4194304,simple,0.0,33,0.6246420450000001,2796204
4194304,simple,0.0,34,0.627332609,2796204
4194304,simple,0.0,35,0.6276658850000001,2796204
4194304,simple,0.0,36,0.626069486,2796204
4194304,simple,0.0,37,0.6272257880000001,2796204
4194304,simple,0.0,38,0.627611663,2796204
4194304,simple,0.0,39,0.6297379670000001,2796204
4194304,simple,0.0,40,0.626495366,2796204
4194304,fine,0.001,1,0.443622483,391
4194304,fine,0.001,2,0.44371591800000004,391
4194304,fine,0.001,3,0.443905033,391
4194304,fine,0.001,4,0.443333811,392
4194304,fine,0.001,5,0.445977697,393
4194304,fine,0.001,6,0.444252676,391
4194304,fine,0.001,7,0.44356697900000003,391
4194304,fine,0.001,8,0.443424731,391
4194304,fine,0.001,9,0.449465017,391
4194304,fine,0.001,10,0.44542058,393
4194304,fine,0.001,11,0.45121522500000005,396
4194304,fine,0.001,12,0.44391858900000003,391
4194304,fine,0.001,13,0.443046761,391
4194304,fine,0.001,14,0.44341767800000004,391
4194304,fine,0.001,15,0.444250111,391
4194304,fine,0.001,16,0.44432903,391
4194304,fine,0.001,17,0.44308202700000004,391
4194304,fine,0.001,18,0.44714107200000003,393
4194304,fine,0.001,19,0.443267836,391
4194304,fine,0.001,20,0.448047825,394
4194304,fine,0.001,21,0.441287957,390
4194304,fine,0.001,22,0.442840654,391
4194304,fine,0.001,23,0.44066718200000005,391
4194304,fine,0.001,24,0.44285516100000005,392
4194304,fine,0.001,25,0.44058428600000005,391
4194304,fine,0.001,26,0.44227087400000004,391
4194304,fine,0.001,27,0.44009089900000004,390
4194304,fine,0.001,28,0.442962774,391
4194304,fine,0.001,29,0.440583814,391
4194304,fine,0.001,30,0.442544608,391
4194304,fine,0.001,31,0.44117748900000003,392
4194304,fine,0.001,32,0.44340958300000005,392
4194304,fine,0.001,33,0.44079054300000003,391
4194304,fine,0.001,34,0.44260737600000005,391
4194304,fine,0.001,35,0.44138692300000004,391
4194304,fine,0.001,36,0.44270807500000003,391
4194304,fine,0.001,37,0.44072546100000004,391
4194304,fine,0.001,38,0.44292838900000003,391
4194304,fine,0.001,39,0.44442787600000005,391
4194304,fine,0.001,40,0.44554470300000004,392
4194304,fine,0.002,1,0.444744801,200
4194304,fine,0.002,2,0.44305724100000005,200
4194304,fine,0.002,3,0.43989444000000005,199
4194304,fine,0.002,4,0.44230395600000005,199
4194304,fine,0.002,5,0.440076151,198
4194304,fine,0.002,6,0.44259898000000003,199
4194304,fine,0.002,7,0.44014236500000004,199
4194304,fine,0.002,8,0.442421186,199
4194304,fine,0.002,9,0.44031131300000004,199
4194304,fine,0.002,10,0.44248888300000006,199
4194304,fine,0.002,11,0.44047762500000004,199
4194304,fine,0.002,12,0.44204755500000004,199
4194304,fine,0.002,13,0.44026797100000004,198
4194304,fine,0.002,14,0.442429632,199
4194304,fine,0.002,15,0.44023474900000004,199
4194304,fine,0.002,16,0.44743603600000004,200
4194304,fine,0.002,17,0.44272017700000005,199
4194304,fine,0.002,18,0.447586709,202
4194304,fine,0.002,19,0.44291545400000004,199
4194304,fine,0.002,20,0.44717705,201
4194304,fine,0.002,21,0.441879679,198
4194304,fine,0.002,22,0.44010466400000003,199
4194304,fine,0.002,23,0.439736663,198
4194304,fine,0.002,24,0.440746089,198
4194304,fine,0.002,25,0.44005443000000005,198
4194304,fine,0.002,26,0.44021264800000004,199
4194304,fine,0.002,27,0.439802407,199
4194304,fine,0.002,28,0.439872929,199
4194304,fine,0.002,29,0.439641604,199
4194304,fine,0.002,30,0.439705394,198
4194304,fine,0.002,31,0.439978788,199
4194304,fine,0.002,32,0.440121686,198
4194304,fine,0.002,33,0.439861318,198
4194304,fine,0.002,34,0.44009398400000005,198
4194304,fine,0.002,35,0.4411563,199
4194304,fine,0.002,36,0.44093274000000005,199
4194304,fine,0.002,37,0.43989327800000005,199
4194304,fine,0.002,38,0.440092552,199
4194304,fine,0.002,39,0.438997305,199
4194304,fine,0.002,40,0.43980043300000005,197
4194304,fine,0.005,1,0.439536327,82
4194304,fine,0.005,2,0.444645895,83
4194304,fine,0.005,3,0.439528152,82
4194304,fine,0.005,4,0.44496198800000003,83
4194304,fine,0.005,5,0.439505189,82
4194304,fine,0.005,6,0.44533611100000003,83
4194304,fine,0.005,7,0.439272622,82
4194304,fine,0.005,8,0.444900773,83
4194304,fine,0.005,9,0.43983801400000005,82
4194304,fine,0.005,10,0.4449999,83
4194304,fine,0.005,11,0.439215986,82
4194304,fine,0.005,12,0.445132599,83
4194304,fine,0.005,13,0.438918937,82
4194304,fine,0.005,14,0.444593347,83
4194304,fine,0.005,15,0.43843042000000004,82
4194304,fine,0.005,16,0.445109947,83
4194304,fine,0.005,17,0.440390702,82
4194304,fine,0.005,18,0.444647838,83
4194304,fine,0.005,19,0.43950765300000005,82
4194304,fine,0.005,20,0.44436099,83
4194304,fine,0.005,21,0.439555583,82
4194304,fine,0.005,22,0.44384860800000003,83
4194304,fine,0.005,23,0.43904313100000003,82
4194304,fine,0.005,24,0.443997356,83
4194304,fine,0.005,25,0.43901069000000004,82
4194304,fine,0.005,26,0.43839728800000005,82
4194304,fine,0.005,27,0.43975944600000005,82
4194304,fine,0.005,28,0.438863443,82
4194304,fine,0.005,29,0.43970329100000005,82
4194304,fine,0.005,30,0.438825071,82
4194304,fine,0.005,31,0.439755068,82
4194304,fine,0.005,32,0.43864392100000005,82
4194304,fine,0.005,33,0.43946162600000005,82
4194304,fine,0.005,34,0.43862596800000003,82
4194304,fine,0.005,35,0.44044988300000004,82
4194304,fine,0.005,36,0.438540576,82
4194304,fine,0.005,37,0.444035328,83
4194304,fine,0.005,38,0.439662274,82
4194304,fine,0.005,39,0.438367251,82
4194304,fine,0.005,40,0.43823901000000004,82
4194304,fine,0.01,1,0.438903007,42
4194304,fine,0.01,2,0.43890133400000003,42
4194304,fine,0.01,3,0.43950592000000005,42
4194304,fine,0.01,4,0.438988598,42
4194304,fine,0.01,5,0.43953638700000003,42
4194304,fine,0.01,6,0.43946139700000003,42
4194304,fine,0.01,7,0.438582205,42
4194304,fine,0.01,8,0.44408315800000003,42
4194304,fine,0.01,9,0.43947404,42
4194304,fine,0.01,10,0.44332554500000004,42
4194304,fine,0.01,11,0.439100859,42
4194304,fine,0.01,12,0.44431448300000004,42
4194304,fine,0.01,13,0.438981475,42
4194304,fine,0.01,14,0.443824743,42
4194304,fine,0.01,15,0.43915455000000003,42
4194304,fine,0.01,16,0.44417556100000005,42
4194304,fine,0.01,17,0.43916336600000005,42
4194304,fine,0.01,18,0.444010051,42
4194304,fine,0.01,19,0.438736465,42
4194304,fine,0.01,20,0.445660341,42
4194304,fine,0.01,21,0.442852597,42
4194304,fine,0.01,22,0.447145681,42
4194304,fine,0.01,23,0.44173410500000004,42
4194304,fine,0.01,24,0.44664903800000005,42
4194304,fine,0.01,25,0.442007109,42
4194304,fine,0.01,26,0.44718509500000003,42
4194304,fine,0.01,27,0.44176001400000003,42
4194304,fine,0.01,28,0.447535803,42
4194304,fine,0.01,29,0.44219394900000003,42
4194304,fine,0.01,30,0.446729229,42
4194304,fine,0.01,31,0.45086001800000003,43
4194304,fine,0.01,32,0.44710393200000004,42
4194304,fine,0.01,33,0.44190727100000005,42
4194304,fine,0.01,34,0.446926549,42
4194304,fine,0.01,35,0.442559546,42
4194304,fine,0.01,36,0.44741883400000004,42
4194304,fine,0.01,37,0.44198193100000005,42
4194304,fine,0.01,38,0.447235961,42
4194304,fine,0.01,39,0.43895642700000004,42
4194304,fine,0.01,40,0.44183484500000003,42
4194304,coarse,0.001,1,0.39524741300000005,352
4194304,coarse,0.001,2,0.39905286100000004,356
4194304,coarse,0.001,3,0.397866624,355
4194304,coarse,0.001,4,0.39850068400000005,355
4194304,coarse,0.001,5,0.39713911700000004,351
4194304,coarse,0.001,6,0.396872316,353
4194304,coarse,0.001,7,0.397302735,353
4194304,coarse,0.001,8,0.40088541400000005,358
4194304,coarse,0.001,9,0.395488176,351
4194304,coarse,0.001,10,0.397111105,355
4194304,coarse,0.001,11,0.393262455,351
4194304,coarse,0.001,12,0.395277931,352
4194304,coarse,0.001,13,0.393982738,352
4194304,coarse,0.001,14,0.39951503000000005,356
4194304,coarse,0.001,15,0.396092901,352
4194304,coarse,0.001,16,0.39691940400000003,355
4194304,coarse,0.001,17,0.395728397,353
4194304,coarse,0.001,18,0.396627806,354
4194304,coarse,0.001,19,0.395790544,354
4194304,coarse,0.001,20,0.39711952,354
4194304,coarse,0.001,21,0.39541552900000004,352
4194304,coarse,0.001,22,0.39723787200000005,355
4194304,coarse,0.001,23,0.395875413,353
4194304,coarse,0.001,24,0.39720274600000005,355
4194304,coarse,0.001,25,0.39587921000000004,352
4194304,coarse,0.001,26,0.39822967600000003,356
4194304,coarse,0.001,27,0.395615996,354
4194304,coarse,0.001,28,0.39708094800000004,352
4194304,coarse,0.001,29,0.39600424500000003,351
4194304,coarse,0.001,30,0.396870051,354
4194304,coarse,0.001,31,0.39579514200000004,352
4194304,coarse,0.001,32,0.397067693,355
4194304,coarse,0.001,33,0.395647536,353
4194304,coarse,0.001,34,0.396712475,355
4194304,coarse,0.001,35,0.39604395000000003,353
4194304,coarse,0.001,36,0.39712307700000005,355
4194304,coarse,0.001,37,0.39572133400000004,352
4194304,coarse,0.001,38,0.397595825,354
4194304,coarse,0.001,39,0.39548108200000004,352
4194304,coarse,0.001,40,0.396712025,353
4194304,coarse,0.002,1,0.395302296,179
4194304,coarse,0.002,2,0.396827301,179
4194304,coarse,0.002,3,0.39536458300000005,179
4194304,coarse,0.002,4,0.396431118,179
4194304,coarse,0.002,5,0.395593534,179
4194304,coarse,0.002,6,0.39732352400000004,179
4194304,coarse,0.002,7,0.39568418400000005,179
4194304,coarse,0.002,8,0.396200204,179
4194304,coarse,0.002,9,0.39542463600000005,179
4194304,coarse,0.002,10,0.398300869,179
4194304,coarse,0.002,11,0.395247685,179
4194304,coarse,0.002,12,0.39660176700000005,179
4194304,coarse,0.002,13,0.39541416700000004,179
4194304,coarse,0.002,14,0.396312614,179
4194304,coarse,0.002,15,0.395540795,178
4194304,coarse,0.002,16,0.39724214100000005,180
4194304,coarse,0.002,17,0.39529510300000004,179
4194304,coarse,0.002,18,0.396668954,179
4194304,coarse,0.002,19,0.395690105,179
4194304,coarse,0.002,20,0.39670296800000004,179
4194304,coarse,0.002,21,0.39569845000000003,179
4194304,coarse,0.002,22,0.397557563,179
4194304,coarse,0.002,23,0.39553954300000005,179
4194304,coarse,0.002,24,0.39671050100000005,179
4194304,coarse,0.002,25,0.395439515,179
4194304,coarse,0.002,26,0.396742572,179
4194304,coarse,0.002,27,0.39574416700000004,179
4194304,coarse,0.002,28,0.397153845,179
4194304,coarse,0.002,29,0.39572755600000004,179
4194304,coarse,0.002,30,0.396588743,180
4194304,coarse,0.002,31,0.396601808,179
4194304,coarse,0.002,32,0.396739897,179
4194304,coarse,0.002,33,0.395408947,179
4194304,coarse,0.002,34,0.397370602,179
4194304,coarse,0.002,35,0.395340829,179
4194304,coarse,0.002,36,0.39672912600000004,179
4194304,coarse,0.002,37,0.39572811700000005,179
4194304,coarse,0.002,38,0.39676544500000005,179
4194304,coarse,0.002,39,0.396567433,179
4194304,coarse,0.002,40,0.397182819,179
4194304,coarse,0.005,1,0.395601038,73
4194304,coarse,0.005,2,0.396497011,73
4194304,coarse,0.005,3,0.39518509700000004,73
4194304,coarse,0.005,4,0.39669447100000005,74
4194304,coarse,0.005,5,0.39503759000000005,73
4194304,coarse,0.005,6,0.397400548,74
4194304,coarse,0.005,7,0.395823686,74
4194304,coarse,0.005,8,0.39859212600000005,74
4194304,coarse,0.005,9,0.39505893000000003,73
4194304,coarse,0.005,10,0.39808155700000003,74
4194304,coarse,0.005,11,0.39507223500000005,73
4194304,coarse,0.005,12,0.39874807900000003,74
4194304,coarse,0.005,13,0.395026949,73
4194304,coarse,0.005,14,0.39860094300000004,74
4194304,coarse,0.005,15,0.39536859100000005,73
4194304,coarse,0.005,16,0.400732046,74
4194304,coarse,0.005,17,0.395050924,73
4194304,coarse,0.005,18,0.39719296800000004,74
4194304,coarse,0.005,19,0.395449614,73
4194304,coarse,0.005,20,0.396596538,73
4194304,coarse,0.005,21,0.395270807,73
4194304,coarse,0.005,22,0.396414105,74
4194304,coarse,0.005,23,0.395425087,73
4194304,coarse,0.005,24,0.39780900500000005,74
4194304,coarse,0.005,25,0.39504874,73
4194304,coarse,0.005,26,0.39650867300000003,73
4194304,coarse,0.005,27,0.39381643600000005,73
4194304,coarse,0.005,28,0.394190107,73
4194304,coarse,0.005,29,0.393275188,73
4194304,coarse,0.005,30,0.395345708,73
4194304,coarse,0.005,31,0.39351255500000004,73
4194304,coarse,0.005,32,0.394745561,73
4194304,coarse,0.005,33,0.39369248300000004,73
4194304,coarse,0.005,34,0.394462429,73
4194304,coarse,0.005,35,0.39332212800000005,73
4194304,coarse,0.005,36,0.39387251100000004,73
4194304,coarse,0.005,37,0.39467471800000004,73
4194304,coarse,0.005,38,0.396861866,74
4194304,coarse,0.005,39,0.395728948,73
4194304,coarse,0.005,40,0.396724028,74
4194304,coarse,0.01,1,0.395296195,38
4194304,coarse,0.01,2,0.397286835,38
4194304,coarse,0.01,3,0.39608042800000004,38
4194304,coarse,0.01,4,0.396588894,38
4194304,coarse,0.01,5,0.39562057500000003,38
4194304,coarse,0.01,6,0.396508632,38
4194304,coarse,0.01,7,0.39599933600000004,38
4194304,coarse,0.01,8,0.396301153,38
4194304,coarse,0.01,9,0.395742313,38
4194304,coarse,0.01,10,0.39667292200000004,38
4194304,coarse,0.01,11,0.395485621,38
4194304,coarse,0.01,12,0.396330769,38
4194304,coarse,0.01,13,0.395280636,38
4194304,coarse,0.01,14,0.39819556100000003,38
4194304,coarse,0.01,15,0.395917522,38
4194304,coarse,0.01,16,0.39635140700000004,38
4194304,coarse,0.01,17,0.399882179,38
4194304,coarse,0.01,18,0.396660147,38
4194304,coarse,0.01,19,0.395429695,38
4194304,coarse,0.01,20,0.39689959700000005,38
4194304,coarse,0.01,21,0.396055352,38
4194304,coarse,0.01,22,0.398273818,38
4194304,coarse,0.01,23,0.39614096200000004,38
4194304,coarse,0.01,24,0.396096508,38
4194304,coarse,0.01,25,0.395717046,38
4194304,coarse,0.01,26,0.39790853200000004,38
4194304,coarse,0.01,27,0.39547186500000003,38
4194304,coarse,0.01,28,0.39625296200000004,38
4194304,coarse,0.01,29,0.39617372300000003,38
4194304,coarse,0.01,30,0.396157433,38
4194304,coarse,0.01,31,0.39553823000000005,38
4194304,coarse,0.01,32,0.39692784000000003,38
4194304,coarse,0.01,33,0.395251411,38
4194304,coarse,0.01,34,0.39656496900000004,38
4194304,coarse,0.01,35,0.397765052,38
4194304,coarse,0.01,36,0.396557985,38
4194304,coarse,0.01,37,0.39705083100000005,38
4194304,coarse,0.01,38,0.39726820900000004,38
4194304,coarse,0.01,39,0.39757736000000005,38
4194304,coarse,0.01,40,0.396951394,38
